antecedents,consequents,support,confidence,lift
"frozenset({'Teaching=Low', 'Achievement=High', 'Load=High'})","frozenset({'Difficulty=High', 'Attend=Low'})",0.005909818134325922,0.556923076923077,12.625376074702501
"frozenset({'Teaching=Low', 'Achievement=High', 'Difficulty=High'})","frozenset({'Attend=Low', 'Load=High'})",0.005909818134325922,0.7869565217391304,11.428220669181767
"frozenset({'Achievement=Low', 'Attend=Low', 'Difficulty=Low'})","frozenset({'Teaching=Low', 'Load=Low'})",0.023378065105952264,0.5495011511895626,8.427427019270272
"frozenset({'Difficulty=High', 'Attend=Low', 'Teaching=High'})","frozenset({'Achievement=High', 'Load=High'})",0.009076958239461913,0.7393617021276597,8.015727734889852
"frozenset({'Teaching=Low', 'Achievement=Medium', 'Difficulty=High'})","frozenset({'Attend=Low', 'Load=High'})",0.007019949717569465,0.5498721227621484,7.985269560851739
"frozenset({'Attend=Low', 'Achievement=Low', 'Load=Low'})","frozenset({'Teaching=Low', 'Difficulty=Low'})",0.023378065105952264,0.5628930817610063,7.450184276185972
"frozenset({'Attend=High', 'Difficulty=High', 'Achievement=High'})","frozenset({'Teaching=High', 'Load=High'})",0.01763150161622098,0.8206686930091185,7.062270317726966
"frozenset({'Teaching=Low', 'Load=Low', 'Attend=Medium'})","frozenset({'Achievement=Low', 'Difficulty=Low'})",0.006105723707839488,0.8025751072961373,6.715974811792021
"frozenset({'Attend=High', 'Teaching=Low', 'Load=Low'})","frozenset({'Achievement=Low', 'Difficulty=Low'})",0.005256799555947367,0.797029702970297,6.669570686576853
"frozenset({'Difficulty=High', 'Teaching=High'})","frozenset({'Achievement=High', 'Load=High'})",0.03490384301433376,0.5883324160704458,6.378356427252936
"frozenset({'Teaching=Low', 'Load=Low', 'Achievement=Medium'})","frozenset({'Attend=Low', 'Difficulty=Low'})",0.014137852221895713,0.6641104294478527,6.328472346826193
"frozenset({'Attend=High', 'Difficulty=High', 'Teaching=High'})","frozenset({'Achievement=High', 'Load=High'})",0.01763150161622098,0.5732484076433121,6.214824418014768
"frozenset({'Teaching=Low', 'Achievement=Medium', 'Difficulty=Low'})","frozenset({'Attend=Low', 'Load=Low'})",0.014137852221895713,0.5551282051282052,6.113596382042984
"frozenset({'Attend=Medium', 'Achievement=High', 'Difficulty=High'})","frozenset({'Teaching=High', 'Load=High'})",0.008195383158650864,0.6570680628272251,5.654403922508969
"frozenset({'Teaching=Low', 'Achievement=Low', 'Difficulty=Low'})","frozenset({'Attend=Low', 'Load=Low'})",0.023378065105952264,0.5003494060097834,5.510320481072145
"frozenset({'Teaching=Low', 'Attend=Medium', 'Difficulty=Low'})","frozenset({'Achievement=Low', 'Load=Low'})",0.006105723707839488,0.5789473684210527,5.499820425754212
"frozenset({'Difficulty=High', 'Achievement=High'})","frozenset({'Teaching=High', 'Load=High'})",0.03490384301433376,0.6389719067543336,5.498677321765938
"frozenset({'Attend=Medium', 'Teaching=High', 'Difficulty=High'})","frozenset({'Achievement=High', 'Load=High'})",0.008195383158650864,0.503006012024048,5.453297391242661
"frozenset({'Teaching=Low', 'Achievement=Low', 'Load=Low'})","frozenset({'Attend=Low', 'Difficulty=Low'})",0.023378065105952264,0.5673534072900158,5.4064507794248025
"frozenset({'Attend=Low', 'Teaching=High', 'Achievement=High', 'Load=High'})",frozenset({'Difficulty=High'}),0.009076958239461913,0.6164079822616408,5.395463638961782
"frozenset({'Teaching=Medium', 'Difficulty=High'})","frozenset({'Achievement=Medium', 'Load=High'})",0.01593365331243674,0.5386313465783664,5.268815794204928
"frozenset({'Attend=Low', 'Achievement=High', 'Load=High'})",frozenset({'Difficulty=High'}),0.017860058118653474,0.5831556503198294,5.104403573119582
"frozenset({'Teaching=Low', 'Load=Medium', 'Achievement=High'})","frozenset({'Attend=Low', 'Difficulty=Medium'})",0.013288928070003592,0.7996070726915521,4.991758217554864
"frozenset({'Teaching=Medium', 'Attend=Low', 'Difficulty=High'})","frozenset({'Achievement=Medium', 'Load=High'})",0.00577921441865021,0.5086206896551724,4.975255784755339
"frozenset({'Teaching=Low', 'Attend=Low', 'Achievement=High', 'Load=High'})",frozenset({'Difficulty=High'}),0.005909818134325922,0.562111801242236,4.920205240539
"frozenset({'Teaching=Low', 'Achievement=High', 'Load=High'})",frozenset({'Difficulty=High'}),0.005942469063244849,0.56,4.90172049156902
"frozenset({'Teaching=Medium', 'Achievement=High', 'Load=High'})",frozenset({'Difficulty=High'}),0.007183204362164104,0.5445544554455446,4.766524523272562
"frozenset({'Teaching=Low', 'Difficulty=Medium', 'Achievement=High'})","frozenset({'Attend=Low', 'Load=Medium'})",0.013288928070003592,0.6969178082191781,4.6593542266598496
"frozenset({'Teaching=Low', 'Load=Low', 'Attend=Medium', 'Difficulty=Low'})",frozenset({'Achievement=Low'}),0.006105723707839488,0.9077669902912622,4.602247907904401
"frozenset({'Achievement=High', 'Load=High'})",frozenset({'Difficulty=High'}),0.04802951643974271,0.5207079646017699,4.5577944646637345
"frozenset({'Teaching=Low', 'Load=Low', 'Attend=Medium'})",frozenset({'Achievement=Low'}),0.0067913932151369705,0.8927038626609441,4.525880020148442
"frozenset({'Teaching=High', 'Achievement=High', 'Load=High'})",frozenset({'Difficulty=High'}),0.03490384301433376,0.5100190839694656,4.4642339196149825
"frozenset({'Attend=High', 'Teaching=Low', 'Load=Low', 'Difficulty=Low'})",frozenset({'Achievement=Low'}),0.005256799555947367,0.8797814207650273,4.460365100773132
"frozenset({'Teaching=Low', 'Load=Low'})","frozenset({'Achievement=Low', 'Difficulty=Low'})",0.03474058836973912,0.5327991987981973,4.458481164369505
"frozenset({'Attend=High', 'Teaching=Low', 'Load=Low'})",frozenset({'Achievement=Low'}),0.005746563489731283,0.8712871287128713,4.417300263381743
"frozenset({'Difficulty=High', 'Attend=Low', 'Teaching=High', 'Achievement=High'})",frozenset({'Load=High'}),0.009076958239461913,0.9328859060402686,4.375420619340781
"frozenset({'Teaching=Low', 'Attend=Medium', 'Difficulty=Low'})",frozenset({'Achievement=Low'}),0.008881052665948345,0.8421052631578946,4.269352407670392
"frozenset({'Difficulty=High', 'Teaching=High', 'Achievement=High'})",frozenset({'Load=High'}),0.03490384301433376,0.9028716216216217,4.234647650138654
"frozenset({'Attend=High', 'Load=Low', 'Achievement=High'})","frozenset({'Teaching=High', 'Difficulty=Low'})",0.020047670356221636,0.8457300275482095,4.220657251705885
"frozenset({'Teaching=Low', 'Achievement=Medium', 'Difficulty=Medium'})","frozenset({'Attend=Low', 'Load=Medium'})",0.034348777222711985,0.6280597014925372,4.198992464006099
"frozenset({'Attend=High', 'Difficulty=High', 'Teaching=High', 'Achievement=High'})",frozenset({'Load=High'}),0.01763150161622098,0.8940397350993378,4.193224344086894
"frozenset({'Attend=High', 'Difficulty=High', 'Achievement=High'})",frozenset({'Load=High'}),0.019133444346491658,0.8905775075987842,4.176985807845018
"frozenset({'Attend=Medium', 'Teaching=High', 'Achievement=High', 'Difficulty=High'})",frozenset({'Load=High'}),0.008195383158650864,0.8900709219858157,4.174609820468542
"frozenset({'Attend=Medium', 'Achievement=High', 'Difficulty=High'})",frozenset({'Load=High'}),0.011036013974597577,0.8848167539267014,4.149966726265403
"frozenset({'Difficulty=High', 'Achievement=High'})",frozenset({'Load=High'}),0.04802951643974271,0.8792588164973102,4.123898893240907
"frozenset({'Teaching=Low', 'Load=Medium', 'Achievement=Medium'})","frozenset({'Attend=Low', 'Difficulty=Medium'})",0.034348777222711985,0.6595611285266457,4.117484444228613
"frozenset({'Attend=High', 'Teaching=Low', 'Difficulty=Low'})",frozenset({'Achievement=Low'}),0.008946354523786202,0.8035190615835778,4.0737259227148215
"frozenset({'Difficulty=High', 'Attend=Low', 'Achievement=High'})",frozenset({'Load=High'}),0.017860058118653474,0.8641390205371248,4.05298404012106
"frozenset({'Teaching=Medium', 'Achievement=High', 'Difficulty=High'})",frozenset({'Load=High'}),0.007183204362164104,0.8494208494208495,3.983952887475093
"frozenset({'Attend=High', 'Difficulty=Low', 'Achievement=High'})","frozenset({'Load=Low', 'Teaching=High'})",0.020047670356221636,0.6183282980866064,3.956861844023923
"frozenset({'Teaching=Low', 'Achievement=High'})","frozenset({'Attend=Low', 'Difficulty=Medium'})",0.018774284128383452,0.6270447110141766,3.914492124792333
"frozenset({'Teaching=Medium', 'Achievement=Medium', 'Difficulty=High'})",frozenset({'Load=High'}),0.01593365331243674,0.8187919463087249,3.8402972342415493
"frozenset({'Attend=Low', 'Achievement=Low', 'Load=Low', 'Difficulty=Medium'})",frozenset({'Teaching=Low'}),0.0050608939824338004,0.7788944723618091,3.807693695933779
"frozenset({'Teaching=Medium', 'Attend=Medium', 'Achievement=Medium', 'Difficulty=High'})",frozenset({'Load=High'}),0.0051588467691905835,0.8061224489795918,3.7808747695096416
"frozenset({'Attend=High', 'Difficulty=High', 'Achievement=Medium'})",frozenset({'Load=High'}),0.013419531785679303,0.7996108949416343,3.750334284743864
"frozenset({'Attend=Medium', 'Achievement=Medium', 'Difficulty=High'})",frozenset({'Load=High'}),0.011003363045678649,0.7966903073286051,3.7366361474047762
"frozenset({'Teaching=Low', 'Attend=Low', 'Achievement=High', 'Difficulty=High'})",frozenset({'Load=High'}),0.005909818134325922,0.793859649122807,3.723359796888853
"frozenset({'Teaching=Low', 'Achievement=High', 'Difficulty=High'})",frozenset({'Load=High'}),0.005942469063244849,0.7913043478260869,3.7113749250948795
"frozenset({'Teaching=Medium', 'Attend=Low', 'Achievement=Medium', 'Difficulty=High'})",frozenset({'Load=High'}),0.00577921441865021,0.7866666666666666,3.6896232771822355
"frozenset({'Difficulty=High', 'Achievement=Medium'})",frozenset({'Load=High'}),0.03940967120514579,0.7807244501940492,3.6617530989422886
"frozenset({'Teaching=Low', 'Achievement=High'})","frozenset({'Attend=Low', 'Load=Medium'})",0.0163581153883828,0.5463467829880044,3.6526878241810987
"frozenset({'Achievement=Low', 'Attend=Low', 'Difficulty=Medium'})",frozenset({'Teaching=Low'}),0.017435596042707415,0.7468531468531469,3.6510568760848088
"frozenset({'Attend=Medium', 'Load=Low', 'Achievement=High'})","frozenset({'Teaching=High', 'Difficulty=Low'})",0.009795278675678323,0.7281553398058253,3.6338949962902087
"frozenset({'Difficulty=High', 'Teaching=High', 'Achievement=Medium'})",frozenset({'Load=High'}),0.014137852221895713,0.774597495527728,3.6330164617959766
"frozenset({'Load=Low', 'Achievement=High'})","frozenset({'Teaching=High', 'Difficulty=Low'})",0.031769353838116694,0.7196745562130178,3.5915712291243436
"frozenset({'Attend=Medium', 'Difficulty=Low', 'Achievement=High'})","frozenset({'Load=Low', 'Teaching=High'})",0.009795278675678323,0.5586592178770949,3.5750221199167966
"frozenset({'Achievement=Low', 'Attend=Low', 'Load=Medium'})",frozenset({'Teaching=Low'}),0.01648871910405851,0.7266187050359713,3.5521390389683467
"frozenset({'Achievement=Low', 'Attend=Low', 'Load=Medium', 'Difficulty=Medium'})",frozenset({'Teaching=Low'}),0.009893231462435106,0.7266187050359713,3.5521390389683467
"frozenset({'Difficulty=High', 'Attend=Low', 'Achievement=Medium'})",frozenset({'Load=High'}),0.014986776373787834,0.7536945812807881,3.5349776326013322
"frozenset({'Teaching=Low', 'Attend=Medium'})",frozenset({'Achievement=Low'}),0.015966304241355665,0.6955903271692744,3.5265427826871987
"frozenset({'Attend=High', 'Difficulty=High', 'Teaching=High', 'Achievement=Medium'})",frozenset({'Load=High'}),0.007215855291083031,0.7517006802721088,3.5256258399224927
"frozenset({'Attend=High', 'Teaching=Low'})",frozenset({'Achievement=Low'}),0.0163581153883828,0.6872427983539094,3.484222013770102
"frozenset({'Achievement=Low', 'Attend=Low', 'Load=Medium', 'Difficulty=Low'})",frozenset({'Teaching=Low'}),0.005420054200542005,0.7124463519313304,3.4828562522906394
"frozenset({'Achievement=Low', 'Attend=Low'})",frozenset({'Teaching=Low'}),0.04936820452541875,0.7108603667136812,3.4751030249544956
"frozenset({'Achievement=High', 'Difficulty=Low'})","frozenset({'Load=Low', 'Teaching=High'})",0.031769353838116694,0.5369757174392936,3.4362631211895627
"frozenset({'Teaching=Low', 'Achievement=Medium', 'Difficulty=High'})",frozenset({'Load=High'}),0.009338165670813334,0.7314578005115089,3.4306827038692163
"frozenset({'Teaching=Low', 'Load=Low', 'Difficulty=Low'})",frozenset({'Achievement=Low'}),0.03474058836973912,0.6687617850408548,3.390525937832521
"frozenset({'Achievement=Low', 'Attend=Low', 'Load=Low'})",frozenset({'Teaching=Low'}),0.02866751559081856,0.690251572327044,3.3743551325874503
"frozenset({'Attend=High', 'Teaching=Low', 'Load=Medium'})",frozenset({'Achievement=Low'}),0.007836222940542658,0.6557377049180327,3.324495727284322
"frozenset({'Achievement=Low', 'Attend=Low', 'Difficulty=Low'})",frozenset({'Teaching=Low'}),0.028896072093251055,0.6792018419033001,3.3203375597721267
"frozenset({'Teaching=Low', 'Attend=Medium', 'Load=Medium'})",frozenset({'Achievement=Low'}),0.006726091357299115,0.6518987341772151,3.30503269850117
"frozenset({'Teaching=Low', 'Attend=Low', 'Achievement=Medium', 'Difficulty=High'})",frozenset({'Load=High'}),0.007019949717569465,0.7026143790849674,3.2954013151968296
"frozenset({'Attend=Low', 'Achievement=Low', 'Load=Low', 'Difficulty=Low'})",frozenset({'Teaching=Low'}),0.023378065105952264,0.6729323308270677,3.28968850698174
"frozenset({'Teaching=Low', 'Difficulty=High', 'Achievement=High', 'Load=High'})",frozenset({'Attend=Low'}),0.005909818134325922,0.9945054945054945,3.2159982874268587
"frozenset({'Attend=High', 'Load=Low', 'Achievement=Medium'})","frozenset({'Teaching=High', 'Difficulty=Low'})",0.046625526496228815,0.6426642664266426,3.2072475945655508
"frozenset({'Teaching=Low', 'Achievement=High', 'Difficulty=High'})",frozenset({'Attend=Low'}),0.007444411793515526,0.9913043478260869,3.2056465273856576
"frozenset({'Teaching=Low', 'Achievement=High', 'Load=High'})",frozenset({'Attend=Low'}),0.010513599111894733,0.9907692307692307,3.203916083916084
"frozenset({'Teaching=Low', 'Load=Low'})",frozenset({'Achievement=Low'}),0.041205472295686815,0.6319479218828243,3.2038849534026257
"frozenset({'Load=Low', 'Teaching=High', 'Achievement=High'})","frozenset({'Attend=High', 'Difficulty=Low'})",0.020047670356221636,0.5571687840290381,3.2021783352331306
"frozenset({'Attend=High', 'Teaching=Low', 'Difficulty=Medium'})",frozenset({'Achievement=Low'}),0.006334280210271982,0.6298701298701299,3.193350847133334
"frozenset({'Teaching=Low', 'Achievement=High'})",frozenset({'Attend=Low'}),0.029549090671629606,0.9869138495092693,3.1914486821793253
"frozenset({'Difficulty=High', 'Attend=Low', 'Teaching=High', 'Load=High'})",frozenset({'Achievement=High'}),0.009076958239461913,0.8057971014492754,3.1844061711079945
"frozenset({'Teaching=Low', 'Achievement=High', 'Difficulty=Medium'})",frozenset({'Attend=Low'}),0.018774284128383452,0.9845890410958904,3.1839307952321647
"frozenset({'Teaching=Low', 'Load=Medium', 'Achievement=High'})",frozenset({'Attend=Low'}),0.0163581153883828,0.9842829076620827,3.1829408312708907
"frozenset({'Teaching=Low', 'Difficulty=Medium', 'Load=Medium', 'Achievement=High'})",frozenset({'Attend=Low'}),0.013288928070003592,0.9830917874396136,3.179089026915114
"frozenset({'Teaching=Low', 'Achievement=Medium'})","frozenset({'Attend=Low', 'Difficulty=Medium'})",0.047245894145688444,0.5084328882642305,3.1740265122031364
"frozenset({'Teaching=Low', 'Difficulty=Low'})",frozenset({'Achievement=Low'}),0.0467234792829856,0.6184096802074329,3.1352480178303344
"frozenset({'Difficulty=High', 'Attend=Low', 'Teaching=High'})",frozenset({'Achievement=High'}),0.009729976817840467,0.7925531914893617,3.132067947838023
"frozenset({'Teaching=Low', 'Load=Low', 'Achievement=Medium', 'Difficulty=Medium'})",frozenset({'Attend=Low'}),0.005420054200542005,0.9485714285714286,3.067458256029685
"frozenset({'Teaching=Low', 'Attend=Medium', 'Difficulty=Medium'})",frozenset({'Achievement=Low'}),0.006138374636758415,0.6045016077170418,3.0647360932875083
"frozenset({'Attend=Low', 'Load=Low', 'Achievement=Medium', 'Difficulty=Medium'})",frozenset({'Teaching=Low'}),0.005420054200542005,0.6264150943396226,3.0622849312593172
"frozenset({'Achievement=Low', 'Load=Low', 'Teaching=High'})","frozenset({'Attend=High', 'Difficulty=Low'})",0.016880530251085643,0.5286298568507157,3.0381584961093773
"frozenset({'Load=Low', 'Teaching=High', 'Achievement=Medium'})","frozenset({'Attend=High', 'Difficulty=Low'})",0.046625526496228815,0.5277161862527716,3.0329074190961975
"frozenset({'Teaching=Low', 'Load=Low', 'Attend=Low', 'Difficulty=Low'})",frozenset({'Achievement=Low'}),0.023378065105952264,0.5956738768718802,3.0199807692360663
"frozenset({'Attend=Low', 'Teaching=High', 'Load=High'})",frozenset({'Achievement=High'}),0.014725568942436412,0.760539629005059,3.005554479682315
"frozenset({'Teaching=Low', 'Load=Low', 'Achievement=Medium'})",frozenset({'Attend=Low'}),0.019655859209194503,0.9233128834355828,2.985778025655326
"frozenset({'Teaching=Low', 'Load=Low', 'Achievement=Medium', 'Difficulty=Low'})",frozenset({'Attend=Low'}),0.014137852221895713,0.9154334038054968,2.960297630487905
"frozenset({'Attend=Low', 'Load=Low', 'Teaching=High'})","frozenset({'Achievement=Medium', 'Difficulty=Low'})",0.0058771672054069935,0.6249999999999999,2.9508054570679816
"frozenset({'Difficulty=High', 'Achievement=Low'})",frozenset({'Load=High'}),0.005615959774055572,0.6142857142857142,2.8811222927149416
"frozenset({'Teaching=Low', 'Load=Medium', 'Achievement=Medium', 'Difficulty=Medium'})",frozenset({'Attend=Low'}),0.034348777222711985,0.8818105616093881,2.8515692187108783
"frozenset({'Teaching=Low', 'Load=Low', 'Attend=Low'})",frozenset({'Achievement=Low'}),0.02866751559081856,0.5620998719590269,2.8497653995181453
"frozenset({'Teaching=Low', 'Achievement=Medium', 'Difficulty=Medium'})",frozenset({'Attend=Low'}),0.047245894145688444,0.8638805970149254,2.793587904632681
"frozenset({'Teaching=Low', 'Load=Medium', 'Achievement=Medium'})",frozenset({'Attend=Low'}),0.044633819832174224,0.8570532915360501,2.7715099947074866
"frozenset({'Difficulty=Medium', 'Attend=Low', 'Teaching=High', 'Load=High'})",frozenset({'Achievement=High'}),0.0056486107029745,0.7004048582995952,2.7679096251795743
"frozenset({'Teaching=Low', 'Achievement=Medium', 'Difficulty=Low'})",frozenset({'Attend=Low'}),0.021647565873249095,0.8500000000000001,2.748701298701299
"frozenset({'Teaching=Low', 'Achievement=Medium'})",frozenset({'Attend=Low'}),0.07888464426812943,0.8489107519325368,2.745178925080541
"frozenset({'Difficulty=High', 'Teaching=High', 'Load=High'})",frozenset({'Achievement=High'}),0.03490384301433376,0.6892327530625404,2.7237589068447
"frozenset({'Teaching=Low', 'Attend=Low', 'Difficulty=Low'})",frozenset({'Achievement=Low'}),0.028896072093251055,0.5363636363636364,2.7192863914764263
"frozenset({'Attend=High', 'Difficulty=High', 'Load=High'})","frozenset({'Teaching=High', 'Achievement=High'})",0.01763150161622098,0.5070422535211268,2.712994950837098
"frozenset({'Difficulty=High', 'Achievement=Low'})",frozenset({'Teaching=Low'}),0.0050608939824338004,0.5535714285714286,2.7061823053243645
"frozenset({'Attend=High', 'Load=Medium', 'Achievement=High'})","frozenset({'Teaching=High', 'Difficulty=Medium'})",0.03493649394325268,0.6850192061459667,2.700486964426892
"frozenset({'Attend=High', 'Difficulty=High', 'Teaching=High', 'Load=High'})",frozenset({'Achievement=High'}),0.01763150161622098,0.6818181818181819,2.694457478005865
"frozenset({'Teaching=Medium', 'Achievement=Low', 'Attend=Low', 'Difficulty=Low'})",frozenset({'Load=Low'}),0.010611551898651516,0.8248730964467005,2.6864513318665564
"frozenset({'Achievement=Low', 'Attend=Low', 'Difficulty=Low'})",frozenset({'Load=Low'}),0.03474058836973912,0.8165771297006907,2.659432980789351
"frozenset({'Teaching=Low', 'Achievement=Low', 'Load=Low', 'Difficulty=Medium'})",frozenset({'Attend=Low'}),0.0050608939824338004,0.8157894736842106,2.638072453861928
"frozenset({'Teaching=Low', 'Achievement=Low', 'Attend=Low', 'Difficulty=Low'})",frozenset({'Load=Low'}),0.023378065105952264,0.8090395480225988,2.6348845424593934
"frozenset({'Attend=High', 'Teaching=Medium', 'Load=Low'})","frozenset({'Achievement=Medium', 'Difficulty=Low'})",0.01345218271459823,0.557510148849797,2.6321663833548223
"frozenset({'Difficulty=High', 'Teaching=High'})",frozenset({'Achievement=High'}),0.03865869984001045,0.6516235553109522,2.575132210130133
"frozenset({'Attend=Medium', 'Achievement=Low', 'Teaching=High', 'Difficulty=Low'})",frozenset({'Load=Low'}),0.009664674960002612,0.7893333333333333,2.5707052318162487
"frozenset({'Teaching=Low', 'Load=Medium', 'Difficulty=Low'})",frozenset({'Achievement=Low'}),0.011623730695138277,0.5049645390070923,2.560097489847743
"frozenset({'Teaching=Medium', 'Achievement=Low', 'Difficulty=Low'})",frozenset({'Load=Low'}),0.02876546837757534,0.7782685512367491,2.5346693873594126
"frozenset({'Attend=High', 'Difficulty=High', 'Teaching=High'})",frozenset({'Achievement=High'}),0.019721161067032356,0.6411889596602972,2.5338960345181833
"frozenset({'Teaching=Low', 'Achievement=Medium', 'Difficulty=High'})",frozenset({'Attend=Low'}),0.00999118424919189,0.782608695652174,2.530773574251835
"frozenset({'Attend=High', 'Achievement=Low', 'Load=Low'})","frozenset({'Teaching=High', 'Difficulty=Low'})",0.016880530251085643,0.5053763440860215,2.522105473410882
"frozenset({'Attend=Medium', 'Load=Low', 'Achievement=Medium'})","frozenset({'Teaching=High', 'Difficulty=Low'})",0.0214190093708166,0.5003813882532417,2.4971779009340125
"frozenset({'Teaching=Medium', 'Achievement=Low', 'Attend=Medium', 'Difficulty=Low'})",frozenset({'Load=Low'}),0.010611551898651516,0.7647058823529412,2.4904984111892317
"frozenset({'Achievement=Low', 'Teaching=High', 'Difficulty=Low'})",frozenset({'Load=Low'}),0.027296176576223595,0.7620783956244304,2.481941197659446
"frozenset({'Achievement=Low', 'Difficulty=Low'})",frozenset({'Load=Low'}),0.09080223332353805,0.7598360655737705,2.4746383645605987
"frozenset({'Attend=Low', 'Teaching=High', 'Achievement=High'})",frozenset({'Load=High'}),0.014725568942436412,0.5262543757292881,2.4682377895039673
"frozenset({'Attend=Low', 'Load=Medium', 'Achievement=Medium', 'Difficulty=Medium'})",frozenset({'Teaching=Low'}),0.034348777222711985,0.5047984644913628,2.4677514081367864
"frozenset({'Achievement=Low', 'Load=High'})",frozenset({'Teaching=Low'}),0.009436118457570117,0.5034843205574913,2.461327100672671
"frozenset({'Difficulty=High', 'Attend=Low', 'Achievement=Medium'})",frozenset({'Teaching=Low'}),0.00999118424919189,0.5024630541871921,2.4563345507727266
"frozenset({'Attend=Medium', 'Achievement=Low', 'Difficulty=Low'})",frozenset({'Load=Low'}),0.026381950566493617,0.753731343283582,2.4547564707301435
"frozenset({'Attend=Low', 'Achievement=Medium', 'Difficulty=Medium'})",frozenset({'Teaching=Low'}),0.047245894145688444,0.50051885160844,2.4468301465621214
"frozenset({'Achievement=Low', 'Difficulty=Medium', 'Load=High'})",frozenset({'Teaching=Low'}),0.005942469063244849,0.5,2.444293695131684
"frozenset({'Teaching=Low', 'Load=Medium', 'Achievement=Medium', 'Difficulty=Low'})",frozenset({'Attend=Low'}),0.007411760864596598,0.7541528239202657,2.438753937092807
"frozenset({'Teaching=Low', 'Achievement=Medium', 'Load=High', 'Difficulty=High'})",frozenset({'Attend=Low'}),0.007019949717569465,0.7517482517482518,2.4309781127962946
"frozenset({'Teaching=Low', 'Achievement=Low', 'Difficulty=Low'})",frozenset({'Load=Low'}),0.03474058836973912,0.7435359888190077,2.4215521830667535
"frozenset({'Attend=High', 'Difficulty=Medium', 'Achievement=High'})","frozenset({'Teaching=High', 'Load=Medium'})",0.03493649394325268,0.5815217391304347,2.4139694096432396
"frozenset({'Teaching=Low', 'Achievement=Medium', 'Load=High'})",frozenset({'Attend=Low'}),0.014594965226760702,0.7462437395659434,2.413177807167791
"frozenset({'Attend=High', 'Achievement=Low', 'Teaching=High', 'Difficulty=Low'})",frozenset({'Load=Low'}),0.016880530251085643,0.7406876790830945,2.4122757919266204
"frozenset({'Teaching=Low', 'Difficulty=Medium', 'Achievement=Medium', 'Load=High'})",frozenset({'Attend=Low'}),0.007477062722434453,0.7459283387622149,2.412157874698591
"frozenset({'Attend=High', 'Teaching=Medium', 'Achievement=Low', 'Difficulty=Low'})",frozenset({'Load=Low'}),0.007542364580272309,0.7380191693290734,2.403584974377024
"frozenset({'Attend=Medium', 'Teaching=High', 'Load=High', 'Difficulty=High'})",frozenset({'Achievement=High'}),0.008195383158650864,0.606280193236715,2.3959410939691446
"frozenset({'Attend=High', 'Teaching=Medium', 'Achievement=Low', 'Load=Low'})",frozenset({'Difficulty=Low'}),0.007542364580272309,0.9277108433734939,2.3758675474538
"frozenset({'Attend=High', 'Teaching=Low', 'Achievement=Low', 'Load=Low'})",frozenset({'Difficulty=Low'}),0.005256799555947367,0.9147727272727273,2.3427330310378642
"frozenset({'Attend=Low', 'Load=Low', 'Teaching=High', 'Achievement=Medium'})",frozenset({'Difficulty=Low'}),0.0058771672054069935,0.9137055837563451,2.340000076403176
"frozenset({'Teaching=High', 'Load=High'})",frozenset({'Achievement=High'}),0.06843634701407256,0.5889294745715089,2.327373292606658
"frozenset({'Attend=High', 'Achievement=Low', 'Difficulty=Low'})",frozenset({'Load=Low'}),0.02967969438730532,0.7073929961089495,2.30384148147903
"frozenset({'Teaching=Low', 'Achievement=Low', 'Load=Low', 'Attend=Medium'})",frozenset({'Difficulty=Low'}),0.006105723707839488,0.8990384615384616,2.3024375751767256
"frozenset({'Teaching=Medium', 'Achievement=Low', 'Load=Low'})",frozenset({'Difficulty=Low'}),0.02876546837757534,0.8953252032520326,2.292927920394682
"frozenset({'Teaching=Medium', 'Achievement=Low', 'Load=Low', 'Attend=Medium'})",frozenset({'Difficulty=Low'}),0.010611551898651516,0.8904109589041096,2.2803425402087267
"frozenset({'Attend=Medium', 'Load=Low', 'Teaching=High', 'Achievement=High'})",frozenset({'Difficulty=Low'}),0.009795278675678323,0.8902077151335313,2.2798220328952805
"frozenset({'Attend=High', 'Teaching=Medium', 'Load=Low', 'Achievement=Medium'})",frozenset({'Difficulty=Low'}),0.01345218271459823,0.8898488120950323,2.2789028821836737
"frozenset({'Attend=High', 'Achievement=Low', 'Load=Low'})",frozenset({'Difficulty=Low'}),0.02967969438730532,0.8885630498533724,2.2756100449752688
"frozenset({'Load=Low', 'Teaching=High', 'Achievement=High'})",frozenset({'Difficulty=Low'}),0.031769353838116694,0.882940108892922,2.26120969270537
"frozenset({'Attend=High', 'Load=Low', 'Teaching=High', 'Achievement=High'})",frozenset({'Difficulty=Low'}),0.020047670356221636,0.8796561604584527,2.252799500490094
"frozenset({'Teaching=Low', 'Achievement=Low', 'Load=Low'})",frozenset({'Attend=Low'}),0.02866751559081856,0.6957210776545166,2.249799329038632
"frozenset({'Teaching=Medium', 'Achievement=Low', 'Load=Low', 'Attend=Low'})",frozenset({'Difficulty=Low'}),0.010611551898651516,0.8783783783783784,2.2495271004761768
"frozenset({'Attend=High', 'Load=Low', 'Achievement=High'})",frozenset({'Difficulty=Low'}),0.020733339863519117,0.8746556473829202,2.239993186085517
"frozenset({'Teaching=Low', 'Achievement=Low', 'Attend=Medium', 'Difficulty=Low'})",frozenset({'Load=Low'}),0.006105723707839488,0.6875,2.239053860059549
"frozenset({'Attend=Medium', 'Teaching=High', 'Difficulty=High'})",frozenset({'Achievement=High'}),0.009207561955137623,0.565130260521042,2.2333218695455423
"frozenset({'Attend=Medium', 'Achievement=Low', 'Load=Low'})",frozenset({'Difficulty=Low'}),0.026381950566493617,0.8697524219590957,2.2274360253650998
"frozenset({'Attend=Medium', 'Load=Medium', 'Achievement=High'})","frozenset({'Teaching=High', 'Difficulty=Medium'})",0.017435596042707415,0.5632911392405063,2.2206098238536476
"frozenset({'Attend=Medium', 'Load=Low', 'Achievement=High'})",frozenset({'Difficulty=Low'}),0.011656381624057204,0.8665048543689321,2.219119004495132
"frozenset({'Attend=High', 'Teaching=High', 'Load=High'})",frozenset({'Achievement=High'}),0.036634342247036926,0.5609999999999999,2.2169996129032254
"frozenset({'Attend=High', 'Achievement=Low', 'Load=Low', 'Teaching=High'})",frozenset({'Difficulty=Low'}),0.016880530251085643,0.8645484949832776,2.214108767944882
"frozenset({'Achievement=Low', 'Load=Low'})",frozenset({'Difficulty=Low'}),0.09080223332353805,0.8625930521091811,2.209100878580809
"frozenset({'Achievement=Low', 'Load=Low', 'Teaching=High'})",frozenset({'Difficulty=Low'}),0.027296176576223595,0.8548057259713703,2.1891575356907063
"frozenset({'Attend=Low', 'Teaching=High', 'Difficulty=Medium'})",frozenset({'Achievement=High'}),0.01475821987135534,0.5539215686274509,2.189026565464895
"frozenset({'Load=Low', 'Achievement=High'})",frozenset({'Difficulty=Low'}),0.03767917197244262,0.8535502958579883,2.185942379065357
"frozenset({'Teaching=Low', 'Achievement=Low', 'Load=Low', 'Difficulty=Low'})",frozenset({'Attend=Low'}),0.023378065105952264,0.6729323308270677,2.17610584903818
"frozenset({'Attend=Medium', 'Teaching=High', 'Difficulty=Low', 'Achievement=High'})",frozenset({'Load=Low'}),0.009795278675678323,0.6681514476614699,2.176039386168422
"frozenset({'Attend=High', 'Difficulty=High', 'Load=High'})",frozenset({'Achievement=High'}),0.019133444346491658,0.5502347417840375,2.1744567014993184
"frozenset({'Teaching=Medium', 'Load=Low', 'Achievement=Medium'})",frozenset({'Difficulty=Low'}),0.04074835929082182,0.8489795918367347,2.1742368056847288
"frozenset({'Attend=Medium', 'Load=Low', 'Teaching=High', 'Achievement=Medium'})",frozenset({'Difficulty=Low'}),0.0214190093708166,0.8464516129032258,2.1677626514246255
"frozenset({'Attend=Medium', 'Achievement=High', 'Difficulty=Low'})",frozenset({'Load=Low'}),0.011656381624057204,0.664804469273743,2.1651389281632207
"frozenset({'Teaching=Low', 'Achievement=Low', 'Load=Low'})",frozenset({'Difficulty=Low'}),0.03474058836973912,0.84310618066561,2.1591949991843498
"frozenset({'Attend=Medium', 'Load=Low', 'Achievement=Medium'})",frozenset({'Difficulty=Low'}),0.03588337088190159,0.8382913806254767,2.1468642958789594
"frozenset({'Attend=High', 'Load=Low', 'Achievement=Medium'})",frozenset({'Difficulty=Low'}),0.06076337871812453,0.8375337533753375,2.144924012428001
"frozenset({'Load=Low', 'Teaching=High', 'Achievement=Medium'})",frozenset({'Difficulty=Low'}),0.07392170307245241,0.8366592756836659,2.142684474986507
"frozenset({'Achievement=Low', 'Attend=Low', 'Load=Low'})",frozenset({'Difficulty=Low'}),0.03474058836973912,0.8364779874213837,2.142220195731643
"frozenset({'Attend=Medium', 'Teaching=High', 'Load=High'})",frozenset({'Achievement=High'}),0.01707643582459921,0.5414078674948241,2.139574033259868
"frozenset({'Teaching=Medium', 'Achievement=Low', 'Attend=Low'})","frozenset({'Load=Low', 'Difficulty=Low'})",0.010611551898651516,0.5517826825127334,2.133768714307764
"frozenset({'Attend=Medium', 'Achievement=Low', 'Load=Low', 'Teaching=High'})",frozenset({'Difficulty=Low'}),0.009664674960002612,0.8314606741573033,2.12937085604279
"frozenset({'Teaching=Medium', 'Load=Low', 'Achievement=Medium', 'Attend=Low'})",frozenset({'Difficulty=Low'}),0.01345218271459823,0.8306451612903225,2.12728232752226
"frozenset({'Teaching=Low', 'Attend=Low', 'Achievement=Medium', 'Difficulty=Low'})",frozenset({'Load=Low'}),0.014137852221895713,0.6530920060331825,2.126993712120192
"frozenset({'Teaching=Medium', 'Load=Low', 'Attend=Medium', 'Achievement=Medium'})",frozenset({'Difficulty=Low'}),0.013843993861625364,0.8297455968688846,2.1249785429637367
"frozenset({'Load=Low', 'Achievement=Medium'})",frozenset({'Difficulty=Low'}),0.13011395174192705,0.8253935376967687,2.113832919060033
"frozenset({'Attend=Low', 'Teaching=High'})",frozenset({'Achievement=High'}),0.027981846083521077,0.53428927680798,2.1114422813932907
"frozenset({'Attend=High', 'Load=Low', 'Teaching=High', 'Achievement=Medium'})",frozenset({'Difficulty=Low'}),0.046625526496228815,0.8235294117647058,2.109058892392144
"frozenset({'Attend=Medium', 'Teaching=High', 'Achievement=Medium', 'Difficulty=Low'})",frozenset({'Load=Low'}),0.0214190093708166,0.6431372549019607,2.0945730227437633
"frozenset({'Attend=High', 'Teaching=High', 'Achievement=Medium', 'Difficulty=Low'})",frozenset({'Load=Low'}),0.046625526496228815,0.6429536244934714,2.093974974198378
"frozenset({'Teaching=High', 'Achievement=Medium', 'Difficulty=Low'})",frozenset({'Load=Low'}),0.07392170307245241,0.6428165814877911,2.0935286517680325
"frozenset({'Teaching=Low', 'Achievement=Low', 'Load=Low', 'Attend=Low'})",frozenset({'Difficulty=Low'}),0.023378065105952264,0.8154897494305239,2.0884693164820347
"frozenset({'Teaching=High', 'Difficulty=Low', 'Achievement=High'})",frozenset({'Load=Low'}),0.031769353838116694,0.6409749670619236,2.08753087156588
"frozenset({'Attend=Low', 'Teaching=High', 'Achievement=Medium', 'Difficulty=Low'})",frozenset({'Load=Low'}),0.0058771672054069935,0.6405693950177935,2.0862100022554193
"frozenset({'Attend=High', 'Achievement=High', 'Difficulty=Low'})",frozenset({'Load=Low'}),0.020733339863519117,0.6394763343403828,2.0826501161040945
"frozenset({'Attend=High', 'Teaching=High', 'Difficulty=Low', 'Achievement=High'})",frozenset({'Load=Low'}),0.020047670356221636,0.6382536382536382,2.078668032623796
"frozenset({'Achievement=High', 'Difficulty=Low'})",frozenset({'Load=Low'}),0.03767917197244262,0.6368653421633554,2.0741466221221914
"frozenset({'Load=Medium', 'Achievement=High'})","frozenset({'Teaching=High', 'Difficulty=Medium'})",0.06122049172298952,0.524769101595298,2.0687480080524123
"frozenset({'Teaching=High', 'Difficulty=Medium', 'Load=High'})",frozenset({'Achievement=High'}),0.0333039474973063,0.5212059274399591,2.0597385728649837
"frozenset({'Attend=High', 'Difficulty=High'})",frozenset({'Achievement=High'}),0.021484311228654455,0.5209817893903405,2.05885280821393
"frozenset({'Attend=Low', 'Achievement=Medium', 'Difficulty=Low'})",frozenset({'Load=Low'}),0.03346720214190094,0.629220380601596,2.049248468384207
"frozenset({'Teaching=Medium', 'Achievement=Low', 'Attend=Low'})",frozenset({'Load=Low'}),0.012080843700003265,0.6281833616298811,2.045871099174646
"frozenset({'Attend=High', 'Load=Low', 'Difficulty=Medium'})","frozenset({'Teaching=High', 'Achievement=Medium'})",0.009925882391354035,0.5428571428571429,2.0425166725166726
"frozenset({'Difficulty=High', 'Load=High'})",frozenset({'Achievement=High'}),0.04802951643974271,0.516140350877193,2.039720067911715
"frozenset({'Difficulty=High', 'Attend=Low', 'Load=High'})",frozenset({'Achievement=High'}),0.017860058118653474,0.5155513666352497,2.0373924781855215
"frozenset({'Teaching=Medium', 'Achievement=Low'})","frozenset({'Load=Low', 'Difficulty=Low'})",0.02876546837757534,0.5244047619047619,2.027897050865801
"frozenset({'Load=Low', 'Attend=Low', 'Achievement=Medium'})",frozenset({'Difficulty=Low'}),0.03346720214190094,0.7915057915057915,2.02704639823128
"frozenset({'Achievement=Medium', 'Difficulty=Low'})",frozenset({'Load=Low'}),0.13011395174192705,0.6143055341452135,2.0006737127036853
"frozenset({'Teaching=Low', 'Achievement=Low', 'Difficulty=Low'})",frozenset({'Attend=Low'}),0.028896072093251055,0.6184486373165619,1.9999183206730375
"frozenset({'Attend=Medium', 'Difficulty=Medium', 'Teaching=High', 'Load=High'})",frozenset({'Achievement=High'}),0.008848401737029419,0.5046554934823092,1.9943333934042171
"frozenset({'Attend=High', 'Achievement=Medium', 'Difficulty=Low'})",frozenset({'Load=Low'}),0.06076337871812453,0.6099639462471321,1.9865340048607951
"frozenset({'Attend=Medium', 'Achievement=Medium', 'Difficulty=Low'})",frozenset({'Load=Low'}),0.03588337088190159,0.6081903707802989,1.980757814322439
"frozenset({'Attend=High', 'Teaching=Medium', 'Achievement=Low'})","frozenset({'Load=Low', 'Difficulty=Low'})",0.007542364580272309,0.5121951219512195,1.9806818181818184
"frozenset({'Teaching=Low', 'Achievement=Medium', 'Difficulty=Low'})",frozenset({'Load=Low'}),0.015443889378652823,0.6064102564102565,1.9749603278473975
"frozenset({'Teaching=Medium', 'Achievement=Low', 'Attend=Medium'})","frozenset({'Load=Low', 'Difficulty=Low'})",0.010611551898651516,0.5078125,1.9637340198863638
"frozenset({'Teaching=Medium', 'Attend=Low', 'Achievement=Medium', 'Difficulty=Low'})",frozenset({'Load=Low'}),0.01345218271459823,0.6014598540145986,1.9588378295305306
"frozenset({'Teaching=Low', 'Achievement=Low'})",frozenset({'Attend=Low'}),0.04936820452541875,0.60431654676259,1.9542184434270764
"frozenset({'Achievement=Low', 'Attend=Low'})",frozenset({'Load=Low'}),0.04153198158487609,0.5980253878702397,1.9476524409083191
"frozenset({'Load=Low', 'Attend=Low', 'Achievement=High'})",frozenset({'Difficulty=Low'}),0.005289450484866294,0.7570093457943924,1.9387009978798273
"frozenset({'Achievement=Low', 'Attend=Low'})","frozenset({'Load=Low', 'Difficulty=Low'})",0.03474058836973912,0.5002350728725905,1.9344317647561655
"frozenset({'Attend=High', 'Teaching=Low', 'Achievement=Low', 'Difficulty=Low'})",frozenset({'Load=Low'}),0.005256799555947367,0.5875912408759124,1.9136704523932977
"frozenset({'Teaching=Medium', 'Achievement=Low'})",frozenset({'Load=Low'}),0.0321285140562249,0.5857142857142856,1.9075575742844988
"frozenset({'Attend=High', 'Load=Medium', 'Difficulty=Low', 'Achievement=High'})",frozenset({'Teaching=High'}),0.011166617690273288,0.9743589743589743,1.8979642757547737
"frozenset({'Teaching=Low', 'Achievement=Low', 'Attend=Low'})",frozenset({'Load=Low'}),0.02866751559081856,0.5806878306878307,1.8911873873326448
"frozenset({'Attend=High', 'Achievement=High', 'Difficulty=Low'})",frozenset({'Teaching=High'}),0.03141019362000849,0.9687814702920445,1.88709979588084
"frozenset({'Teaching=Low', 'Achievement=Low', 'Difficulty=Medium'})",frozenset({'Attend=Low'}),0.017435596042707415,0.5829694323144105,1.8851868655362103
"frozenset({'Attend=High', 'Load=Low', 'Difficulty=Low', 'Achievement=High'})",frozenset({'Teaching=High'}),0.020047670356221636,0.9669291338582677,1.8834916099139583
"frozenset({'Teaching=Medium', 'Attend=Medium', 'Achievement=Medium', 'Difficulty=Low'})",frozenset({'Load=Low'}),0.013843993861625364,0.5760869565217391,1.8762032345163022
"frozenset({'Attend=High', 'Load=Low', 'Achievement=High'})",frozenset({'Teaching=High'}),0.022790348385411566,0.9614325068870524,1.8727846714004803
"frozenset({'Attend=Low', 'Achievement=High', 'Difficulty=Low'})",frozenset({'Load=Low'}),0.005289450484866294,0.5744680851063829,1.8709308850014026
"frozenset({'Teaching=Medium', 'Achievement=Medium', 'Difficulty=Low'})",frozenset({'Load=Low'}),0.04074835929082182,0.5711670480549199,1.8601800489980895
"frozenset({'Teaching=Low', 'Load=Low', 'Achievement=Medium'})",frozenset({'Difficulty=Low'}),0.015443889378652823,0.7254601226993865,1.857903434895402
"frozenset({'Teaching=Medium', 'Achievement=Low', 'Attend=Medium'})",frozenset({'Load=Low'}),0.011917589055408627,0.5703125,1.8573969520948534
"frozenset({'Teaching=Low', 'Load=Low', 'Achievement=Medium', 'Attend=Low'})",frozenset({'Difficulty=Low'}),0.014137852221895713,0.7192691029900332,1.842048232902061
"frozenset({'Attend=High', 'Difficulty=Medium', 'Achievement=High', 'Load=High'})",frozenset({'Teaching=High'}),0.018806935057302382,0.9442622950819674,1.8393386320343073
"frozenset({'Attend=High', 'Load=Medium', 'Achievement=High'})",frozenset({'Teaching=High'}),0.04812746922649949,0.9436619718309858,1.8381692559478218
"frozenset({'Attend=High', 'Achievement=High'})",frozenset({'Teaching=High'}),0.10755215985894799,0.9435691778859926,1.837988501629097
"frozenset({'Attend=High', 'Achievement=High', 'Difficulty=Medium'})",frozenset({'Teaching=High'}),0.05642080517190714,0.9391304347826086,1.8293422264254247
"frozenset({'Attend=High', 'Difficulty=Medium', 'Load=Medium', 'Achievement=High'})",frozenset({'Teaching=High'}),0.03493649394325268,0.9377738825591586,1.8266997838287444
"frozenset({'Attend=Medium', 'Achievement=Low', 'Teaching=High'})",frozenset({'Load=Low'}),0.011623730695138277,0.5579937304075235,1.8172771141207171
"frozenset({'Attend=High', 'Achievement=High', 'Load=High'})",frozenset({'Teaching=High'}),0.036634342247036926,0.9326683291770572,1.8167546217455786
"frozenset({'Attend=High', 'Teaching=Medium', 'Difficulty=Medium'})","frozenset({'Load=Medium', 'Achievement=Medium'})",0.018643680412707742,0.5233730522456462,1.8057166239864153
"frozenset({'Teaching=Low', 'Achievement=Low', 'Load=Medium', 'Difficulty=Medium'})",frozenset({'Attend=Low'}),0.009893231462435106,0.5569852941176471,1.8011602368220014
"frozenset({'Attend=High', 'Teaching=Medium', 'Achievement=Low'})",frozenset({'Load=Low'}),0.008130081300813009,0.5521064301552108,1.7981033216039601
"frozenset({'Attend=High', 'Difficulty=High', 'Achievement=High', 'Load=High'})",frozenset({'Teaching=High'}),0.01763150161622098,0.9215017064846416,1.795003037874777
"frozenset({'Attend=High', 'Difficulty=High', 'Achievement=High'})",frozenset({'Teaching=High'}),0.019721161067032356,0.9179331306990881,1.7880517709038333
"frozenset({'Teaching=Medium', 'Attend=Low', 'Load=Medium'})","frozenset({'Achievement=Medium', 'Difficulty=Medium'})",0.024847356907304014,0.5124579124579125,1.7829204231339866
"frozenset({'Attend=High', 'Teaching=Medium', 'Achievement=Low'})",frozenset({'Difficulty=Low'}),0.010219740751624384,0.6940133037694014,1.7773681289861574
"frozenset({'Attend=High', 'Teaching=Medium', 'Achievement=Medium', 'Difficulty=Low'})",frozenset({'Load=Low'}),0.01345218271459823,0.5392670157068062,1.7562878445398082
frozenset({'Achievement=Low'}),frozenset({'Load=Low'}),0.10526659483462304,0.5336864757490482,1.738113110672703
"frozenset({'Teaching=Medium', 'Difficulty=Medium'})","frozenset({'Load=Medium', 'Achievement=Medium'})",0.0693179220948836,0.5024852071005917,1.7336503816458064
"frozenset({'Teaching=Medium', 'Achievement=Low'})",frozenset({'Difficulty=Low'}),0.036960851536226205,0.6738095238095237,1.7256262468194903
"frozenset({'Teaching=Low', 'Achievement=Low', 'Load=Medium'})",frozenset({'Attend=Low'}),0.01648871910405851,0.5310199789695058,1.7171944774468433
"frozenset({'Load=Low', 'Difficulty=Low', 'Achievement=High'})","frozenset({'Attend=High', 'Teaching=High'})",0.020047670356221636,0.5320623916811092,1.7147716373794943
"frozenset({'Achievement=Low', 'Teaching=High'})",frozenset({'Load=Low'}),0.03193260848271133,0.5260892953200645,1.7133705707962164
"frozenset({'Teaching=Medium', 'Achievement=Low', 'Attend=Low'})",frozenset({'Difficulty=Low'}),0.012864465994057531,0.6689303904923599,1.7131307859862452
"frozenset({'Attend=Medium', 'Achievement=Low'})",frozenset({'Load=Low'}),0.030332712965683874,0.5257498585172609,1.7122650911110324
"frozenset({'Achievement=High', 'Difficulty=Low'})","frozenset({'Attend=High', 'Teaching=High'})",0.03141019362000849,0.5309050772626932,1.7110417553745665
"frozenset({'Teaching=Medium', 'Achievement=Low', 'Attend=Medium'})",frozenset({'Difficulty=Low'}),0.01387664479054429,0.6640624999999999,1.700664118028263
"frozenset({'Load=Medium', 'Difficulty=Low', 'Achievement=High'})","frozenset({'Attend=High', 'Teaching=High'})",0.011166617690273288,0.5269645608628659,1.6983419557557609
"frozenset({'Load=Low', 'Teaching=High', 'Achievement=Medium', 'Difficulty=Medium'})",frozenset({'Attend=High'}),0.009925882391354035,0.6956521739130435,1.6814568013917435
"frozenset({'Achievement=Low', 'Teaching=High', 'Load=Medium', 'Difficulty=Low'})",frozenset({'Attend=High'}),0.0055180069872987885,0.6926229508196721,1.6741348839676502
"frozenset({'Load=Low', 'Achievement=High'})","frozenset({'Attend=High', 'Teaching=High'})",0.022790348385411566,0.5162721893491125,1.6638817576760252
"frozenset({'Attend=High', 'Load=Low', 'Achievement=Medium', 'Difficulty=Medium'})",frozenset({'Teaching=High'}),0.009925882391354035,0.8491620111731845,1.6540917710488532
"frozenset({'Teaching=Low', 'Achievement=Low'})",frozenset({'Load=Low'}),0.041205472295686815,0.504396482813749,1.642721297228487
"frozenset({'Load=Low', 'Achievement=High', 'Difficulty=Low'})",frozenset({'Teaching=High'}),0.031769353838116694,0.8431542461005199,1.6423891811563076
"frozenset({'Teaching=Low', 'Load=Medium', 'Achievement=High'})",frozenset({'Difficulty=Medium'}),0.013517484572436086,0.8133595284872299,1.642215194078607
"frozenset({'Teaching=Low', 'Attend=Low', 'Load=Medium', 'Achievement=High'})",frozenset({'Difficulty=Medium'}),0.013288928070003592,0.8123752495009979,1.6402278836091413
"frozenset({'Teaching=Medium', 'Attend=Low', 'Load=Medium', 'Achievement=High'})",frozenset({'Difficulty=Medium'}),0.005909818134325922,0.8116591928251121,1.638782127935573
"frozenset({'Teaching=Medium', 'Attend=Medium', 'Load=Medium', 'Achievement=High'})",frozenset({'Difficulty=Medium'}),0.006171025565677344,0.8111587982832618,1.6377718053280677
"frozenset({'Attend=Medium', 'Load=Low', 'Difficulty=Low', 'Achievement=High'})",frozenset({'Teaching=High'}),0.009795278675678323,0.8403361344537815,1.6368997513143781
"frozenset({'Teaching=Medium', 'Load=Medium', 'Achievement=High'})",frozenset({'Difficulty=Medium'}),0.014235805008652496,0.8104089219330856,1.6362577659730115
"frozenset({'Achievement=Low', 'Load=Medium', 'Teaching=High'})",frozenset({'Attend=High'}),0.015607144023247461,0.6760961810466761,1.634188125397881
"frozenset({'Achievement=High', 'Difficulty=Low'})",frozenset({'Teaching=High'}),0.049564110098932315,0.8377483443708609,1.6318589673119859
"frozenset({'Attend=Low', 'Load=Medium', 'Achievement=High'})",frozenset({'Difficulty=Medium'}),0.028047147941358933,0.8080903104421449,1.6315763687726
"frozenset({'Attend=High', 'Achievement=Low', 'Teaching=High'})",frozenset({'Load=Low'}),0.01952525549351879,0.5004184100418411,1.6297654874895222
"frozenset({'Achievement=Low', 'Teaching=High', 'Load=Medium', 'Difficulty=Medium'})",frozenset({'Attend=High'}),0.009664674960002612,0.6742596810933941,1.6297491321006534
"frozenset({'Attend=Medium', 'Achievement=High', 'Difficulty=Low'})",frozenset({'Teaching=High'}),0.014660267084598557,0.8361266294227188,1.6287000114055592
"frozenset({'Load=Medium', 'Difficulty=Low', 'Achievement=High'})",frozenset({'Teaching=High'}),0.017566199758383125,0.8289676425269644,1.6147549442010647
"frozenset({'Attend=Low', 'Teaching=High', 'Load=Medium', 'Achievement=High'})",frozenset({'Difficulty=Medium'}),0.008848401737029419,0.7994100294985251,1.6140504300515082
"frozenset({'Attend=Medium', 'Load=Low', 'Achievement=High'})",frozenset({'Teaching=High'}),0.011003363045678649,0.8179611650485437,1.5933153089068082
"frozenset({'Achievement=Low', 'Teaching=High', 'Difficulty=Medium'})",frozenset({'Attend=High'}),0.014790870800274268,0.6584302325581396,1.591487864616695
"frozenset({'Load=Low', 'Achievement=High'})",frozenset({'Teaching=High'}),0.035981323668658374,0.8150887573964497,1.5877201152948588
"frozenset({'Achievement=Low', 'Attend=Low'})",frozenset({'Difficulty=Low'}),0.04254416038136285,0.6125999059708509,1.5688684104163602
"frozenset({'Attend=Low', 'Teaching=High', 'Achievement=Medium', 'Difficulty=Medium'})",frozenset({'Load=Medium'}),0.008848401737029419,0.7486187845303868,1.5604674003819612
"frozenset({'Teaching=Low', 'Attend=Low', 'Load=Medium', 'Achievement=Medium'})",frozenset({'Difficulty=Medium'}),0.034348777222711985,0.769568397951719,1.5537986237766035
"frozenset({'Achievement=Low', 'Teaching=High'})",frozenset({'Attend=High'}),0.03901786005811865,0.6428187197417966,1.5537533682844293
"frozenset({'Attend=Medium', 'Achievement=Low'})",frozenset({'Difficulty=Low'}),0.03500179580109054,0.6066779852857951,1.553702371046747
frozenset({'Achievement=Low'}),frozenset({'Difficulty=Low'}),0.11950239984327554,0.6058599569607681,1.55160740043795
"frozenset({'Load=Low', 'Teaching=High', 'Achievement=Medium'})",frozenset({'Attend=High'}),0.056616710745420705,0.6407982261640798,1.5488696450735753
"frozenset({'Attend=Medium', 'Load=Medium', 'Achievement=High'})",frozenset({'Difficulty=Medium'}),0.023671923466222614,0.7647679324894515,1.5441062343169907
"frozenset({'Load=Medium', 'Achievement=High'})",frozenset({'Difficulty=Medium'}),0.0889737813040781,0.7626644276518332,1.5398591486381894
"frozenset({'Achievement=Low', 'Teaching=High', 'Difficulty=Low'})",frozenset({'Attend=High'}),0.022790348385411566,0.6362807657247038,1.5379505178636654
"frozenset({'Teaching=High', 'Difficulty=Low', 'Achievement=High', 'Load=Medium'})",frozenset({'Attend=High'}),0.011166617690273288,0.6356877323420075,1.536517100342409
"frozenset({'Attend=High', 'Achievement=Low'})",frozenset({'Difficulty=Low'}),0.04195644366082215,0.5985095482068001,1.532783003004404
"frozenset({'Teaching=High', 'Difficulty=Low', 'Achievement=High'})",frozenset({'Attend=High'}),0.03141019362000849,0.6337285902503295,1.5317816694496758
"frozenset({'Load=Low', 'Teaching=High', 'Achievement=High'})",frozenset({'Attend=High'}),0.022790348385411566,0.6333938294010889,1.5309725209586575
"frozenset({'Attend=Medium', 'Difficulty=Medium', 'Achievement=High', 'Load=High'})",frozenset({'Teaching=High'}),0.008848401737029419,0.7855072463768117,1.5300979733373155
"frozenset({'Load=Low', 'Teaching=High', 'Difficulty=Low', 'Achievement=High'})",frozenset({'Attend=High'}),0.020047670356221636,0.63103802672148,1.5252783240785075
"frozenset({'Load=Low', 'Teaching=High', 'Achievement=Medium', 'Difficulty=Low'})",frozenset({'Attend=High'}),0.046625526496228815,0.6307420494699646,1.5245629191947443
"frozenset({'Teaching=High', 'Achievement=Medium', 'Difficulty=Low'})",frozenset({'Attend=High'}),0.07251771312893852,0.6306076093128905,1.5242379646772866
"frozenset({'Teaching=High', 'Achievement=Medium', 'Difficulty=Low', 'Load=Medium'})",frozenset({'Attend=High'}),0.02533712084108793,0.6303818034118602,1.523692170554419
"frozenset({'Attend=High', 'Load=Low', 'Achievement=Medium'})",frozenset({'Teaching=High'}),0.056616710745420705,0.7803780378037803,1.5201067330545304
"frozenset({'Difficulty=Medium', 'Teaching=High', 'Achievement=Medium', 'Load=High'})",frozenset({'Attend=High'}),0.017011133966761353,0.6284680337756332,1.5190664091584183
"frozenset({'Teaching=Low', 'Attend=Low', 'Achievement=Medium', 'Difficulty=Medium'})",frozenset({'Load=Medium'}),0.034348777222711985,0.7270214236351071,1.5154485225394696
"frozenset({'Attend=Medium', 'Teaching=High', 'Load=Medium', 'Achievement=High'})",frozenset({'Difficulty=Medium'}),0.017435596042707415,0.7489481065918654,1.5121651829777216
"frozenset({'Achievement=Low', 'Teaching=High'})",frozenset({'Difficulty=Low'}),0.03581806902406373,0.5901022054868208,1.511251797595523
"frozenset({'Teaching=Low', 'Load=Medium', 'Achievement=Medium'})",frozenset({'Difficulty=Medium'}),0.0389525582002808,0.747962382445141,1.5101749546540533
"frozenset({'Attend=Medium', 'Achievement=Low', 'Teaching=High'})",frozenset({'Difficulty=Low'}),0.012244098344597904,0.5877742946708464,1.505290017801155
"frozenset({'Attend=Low', 'Achievement=Medium', 'Difficulty=Medium'})",frozenset({'Load=Medium'}),0.06804453586704541,0.7208578346592874,1.50260075560539
"frozenset({'Attend=Medium', 'Achievement=High'})",frozenset({'Teaching=High'}),0.05135991118947334,0.7695694716242661,1.4990526112978693
"frozenset({'Teaching=Low', 'Achievement=Low', 'Attend=Low'})",frozenset({'Difficulty=Low'}),0.028896072093251055,0.5853174603174603,1.4989980648166952
"frozenset({'Load=Medium', 'Teaching=High', 'Achievement=High'})",frozenset({'Difficulty=Medium'}),0.06122049172298952,0.7422802850356295,1.4987025044357718
"frozenset({'Attend=High', 'Achievement=Low', 'Teaching=High'})",frozenset({'Difficulty=Low'}),0.022790348385411566,0.5841004184100419,1.4958812203900287
"frozenset({'Achievement=Low', 'Load=Low', 'Teaching=High', 'Difficulty=Low'})",frozenset({'Attend=High'}),0.016880530251085643,0.6184210526315789,1.494781909789864
"frozenset({'Attend=High', 'Load=Low', 'Achievement=Medium', 'Difficulty=Low'})",frozenset({'Teaching=High'}),0.046625526496228815,0.76732939279957,1.4946891377772964
"frozenset({'Attend=Low', 'Load=Medium', 'Achievement=Medium'})",frozenset({'Difficulty=Medium'}),0.06804453586704541,0.7382217499114416,1.4905081109194886
"frozenset({'Attend=Medium', 'Achievement=High', 'Load=High'})",frozenset({'Teaching=High'}),0.01707643582459921,0.7646198830409356,1.4894112547156864
"frozenset({'Teaching=High', 'Achievement=Medium'})",frozenset({'Attend=High'}),0.1637117575995037,0.615970515970516,1.4888587319571458
"frozenset({'Teaching=High', 'Achievement=Medium', 'Difficulty=Medium'})",frozenset({'Attend=High'}),0.08159467136840043,0.6156688839615668,1.4881296589922586
"frozenset({'Teaching=Low', 'Achievement=Medium', 'Difficulty=Medium'})",frozenset({'Load=Medium'}),0.0389525582002808,0.7122388059701492,1.4846347179233486
"frozenset({'Attend=High', 'Teaching=Medium', 'Difficulty=Medium', 'Load=High'})",frozenset({'Achievement=Medium'}),0.007770921082704803,0.815068493150685,1.4827217117917575
"frozenset({'Achievement=Low', 'Load=Low', 'Teaching=High'})",frozenset({'Attend=High'}),0.01952525549351879,0.6114519427402864,1.477936915026971
"frozenset({'Teaching=Low', 'Achievement=High', 'Difficulty=Medium'})",frozenset({'Load=Medium'}),0.013517484572436086,0.7089041095890412,1.4776836700730662
"frozenset({'Achievement=High', 'Difficulty=Medium', 'Load=High'})",frozenset({'Teaching=High'}),0.0333039474973063,0.7583643122676581,1.4772259614463883
"frozenset({'Attend=Medium', 'Teaching=High', 'Achievement=Medium', 'Difficulty=Medium'})",frozenset({'Load=Medium'}),0.027687987723250727,0.7078464106844742,1.4754789369110046
"frozenset({'Teaching=Low', 'Difficulty=Medium', 'Attend=Low', 'Achievement=High'})",frozenset({'Load=Medium'}),0.013288928070003592,0.7078260869565217,1.4754365728726189
"frozenset({'Attend=High', 'Load=Medium', 'Achievement=High'})",frozenset({'Difficulty=Medium'}),0.037254709896496555,0.7304737516005121,1.4748644993255247
"frozenset({'Achievement=Medium', 'Teaching=High', 'Load=Medium'})",frozenset({'Attend=High'}),0.08231299180461685,0.6082026537997588,1.4700830777306615
"frozenset({'Teaching=Medium', 'Attend=Low', 'Achievement=Medium', 'Difficulty=Medium'})",frozenset({'Load=Medium'}),0.024847356907304014,0.7033271719038818,1.4660587554549913
"frozenset({'Attend=High', 'Teaching=High', 'Load=Medium', 'Achievement=High'})",frozenset({'Difficulty=Medium'}),0.03493649394325268,0.7259158751696065,1.4656619097382517
"frozenset({'Attend=Medium', 'Load=Medium', 'Achievement=High'})",frozenset({'Teaching=High'}),0.02328011231919548,0.7521097046413503,1.4650425443013824
"frozenset({'Teaching=Low', 'Achievement=Low'})",frozenset({'Difficulty=Low'}),0.0467234792829856,0.5719424460431655,1.4647446521418204
"frozenset({'Teaching=Medium', 'Attend=Medium', 'Achievement=Medium', 'Difficulty=Medium'})",frozenset({'Load=Medium'}),0.025826884774871845,0.7018633540372671,1.46300748275365
"frozenset({'Attend=Medium', 'Achievement=Medium', 'Difficulty=Medium'})",frozenset({'Load=Medium'}),0.05583308845136644,0.699672667757774,1.4584410804748755
"frozenset({'Attend=Medium', 'Achievement=High', 'Difficulty=Medium'})",frozenset({'Teaching=High'}),0.02749208214973716,0.7484444444444446,1.4579029447306495
"frozenset({'Teaching=High', 'Achievement=Medium', 'Difficulty=Medium', 'Load=Medium'})",frozenset({'Attend=High'}),0.05465765501028504,0.5993555316863588,1.4486987506083269
"frozenset({'Achievement=Medium', 'Difficulty=Medium'})",frozenset({'Load=Medium'}),0.1994645247657296,0.6939679654663182,1.446549845391474
"frozenset({'Attend=Medium', 'Achievement=High', 'Load=High', 'Difficulty=High'})",frozenset({'Teaching=High'}),0.008195383158650864,0.742603550295858,1.4465254044973124
"frozenset({'Achievement=High', 'Load=High'})",frozenset({'Teaching=High'}),0.06843634701407256,0.7419469026548673,1.4452463135286282
"frozenset({'Teaching=Medium', 'Achievement=Medium', 'Difficulty=Medium'})",frozenset({'Load=Medium'}),0.0693179220948836,0.6917562724014338,1.4419396552670463
frozenset({'Achievement=High'}),frozenset({'Teaching=High'}),0.1868939171319424,0.7385806451612902,1.4386891445242533
"frozenset({'Attend=Medium', 'Achievement=High', 'Difficulty=High'})",frozenset({'Teaching=High'}),0.009207561955137623,0.7382198952879581,1.4379864359844998
"frozenset({'Attend=High', 'Teaching=Medium', 'Load=Medium', 'Difficulty=Medium'})",frozenset({'Achievement=Medium'}),0.018643680412707742,0.789764868603043,1.4366909379131263
"frozenset({'Attend=Medium', 'Difficulty=Medium', 'Load=Medium', 'Achievement=High'})",frozenset({'Teaching=High'}),0.017435596042707415,0.736551724137931,1.4347369875451512
"frozenset({'Teaching=High', 'Achievement=Medium', 'Difficulty=Medium'})",frozenset({'Load=Medium'}),0.09119404447056519,0.68810051736881,1.4343193728615355
"frozenset({'Attend=High', 'Teaching=Medium', 'Difficulty=Medium'})",frozenset({'Achievement=Medium'}),0.02807979887027786,0.7882676443629698,1.4339672810587238
"frozenset({'Attend=High', 'Teaching=Medium', 'Load=Medium', 'Difficulty=Low'})",frozenset({'Achievement=Medium'}),0.011036013974597577,0.7878787878787878,1.4332598976219788
"frozenset({'Attend=Low', 'Teaching=High', 'Achievement=Medium', 'Load=Medium'})",frozenset({'Difficulty=Medium'}),0.008848401737029419,0.7094240837696335,1.432364125098066
"frozenset({'Teaching=Medium', 'Attend=Low', 'Load=Medium', 'Achievement=Medium'})",frozenset({'Difficulty=Medium'}),0.024847356907304014,0.7085661080074488,1.4306318274074845
"frozenset({'Attend=High', 'Teaching=Medium', 'Load=High'})",frozenset({'Achievement=Medium'}),0.013223626212165737,0.7864077669902914,1.4305839082686893
"frozenset({'Attend=High', 'Teaching=Medium', 'Load=Medium'})",frozenset({'Achievement=Medium'}),0.030398014823521727,0.7856540084388185,1.4292127177747502
"frozenset({'Teaching=Low', 'Achievement=Low', 'Attend=Medium'})",frozenset({'Difficulty=Low'}),0.008881052665948345,0.556237218813906,1.424523563894431
"frozenset({'Teaching=High', 'Achievement=Medium', 'Load=High'})",frozenset({'Attend=High'}),0.024782055049466158,0.5888285492629945,1.4232540429546
"frozenset({'Attend=High', 'Achievement=Medium', 'Difficulty=Low'})",frozenset({'Teaching=High'}),0.07251771312893852,0.7279580465421174,1.4179972709689899
"frozenset({'Difficulty=High', 'Achievement=High', 'Load=High'})",frozenset({'Teaching=High'}),0.03490384301433376,0.7267165193745752,1.415578886909948
"frozenset({'Teaching=Medium', 'Difficulty=Medium', 'Attend=Medium', 'Achievement=High'})",frozenset({'Load=Medium'}),0.006171025565677344,0.6774193548387097,1.4120548955723924
"frozenset({'Teaching=Medium', 'Attend=Medium', 'Achievement=Medium', 'Load=Medium'})",frozenset({'Difficulty=Medium'}),0.025826884774871845,0.6987632508833922,1.4108393489884403
"frozenset({'Load=Medium', 'Teaching=High', 'Achievement=High'})",frozenset({'Attend=High'}),0.04812746922649949,0.5835312747426762,1.4104500316899964
"frozenset({'Attend=High', 'Load=Medium', 'Achievement=Medium', 'Difficulty=Medium'})",frozenset({'Teaching=High'}),0.05465765501028504,0.723110151187905,1.4085540037163369
"frozenset({'Attend=High', 'Achievement=Medium', 'Difficulty=Medium'})",frozenset({'Teaching=High'}),0.08159467136840043,0.7205882352941176,1.4036415367520791
"frozenset({'Attend=High', 'Teaching=Low', 'Achievement=Low'})",frozenset({'Difficulty=Low'}),0.008946354523786202,0.5469061876247505,1.4006267922387519
"frozenset({'Attend=High', 'Teaching=High', 'Achievement=Medium', 'Difficulty=Medium'})",frozenset({'Load=Medium'}),0.05465765501028504,0.6698679471788715,1.396314273344266
"frozenset({'Attend=High', 'Achievement=Medium', 'Difficulty=Medium'})",frozenset({'Load=Medium'}),0.07558690044731772,0.6675317185697809,1.391444493611698
"frozenset({'Attend=Medium', 'Load=Medium', 'Achievement=Medium'})",frozenset({'Difficulty=Medium'}),0.05583308845136644,0.6889605157131347,1.39104711680046
"frozenset({'Teaching=High', 'Achievement=High'})",frozenset({'Attend=High'}),0.10755215985894799,0.5754716981132076,1.390969276151307
"frozenset({'Load=Medium', 'Achievement=Medium'})",frozenset({'Difficulty=Medium'}),0.1994645247657296,0.6881829446885209,1.389477160457204
"frozenset({'Attend=High', 'Achievement=Medium'})",frozenset({'Teaching=High'}),0.1637117575995037,0.7129247831650789,1.3887138163198418
"frozenset({'Attend=High', 'Teaching=High', 'Achievement=Medium', 'Load=High'})",frozenset({'Difficulty=Medium'}),0.017011133966761353,0.686429512516469,1.3859368896988526
"frozenset({'Attend=High', 'Teaching=Medium', 'Achievement=Medium', 'Difficulty=Medium'})",frozenset({'Load=Medium'}),0.018643680412707742,0.663953488372093,1.3839858087777916
"frozenset({'Teaching=High', 'Difficulty=Medium', 'Achievement=High'})",frozenset({'Attend=High'}),0.05642080517190714,0.57180675049636,1.3821107526992358
"frozenset({'Teaching=Medium', 'Difficulty=Medium', 'Attend=Low', 'Achievement=High'})",frozenset({'Load=Medium'}),0.005909818134325922,0.6630036630036631,1.3820059339013944
"frozenset({'Achievement=High', 'Difficulty=Medium'})",frozenset({'Teaching=High'}),0.09867110719299964,0.7085580304806566,1.3802077720238548
"frozenset({'Difficulty=Medium', 'Teaching=High', 'Load=Medium', 'Achievement=High'})",frozenset({'Attend=High'}),0.03493649394325268,0.5706666666666667,1.3793550627416935
"frozenset({'Teaching=Medium', 'Achievement=High', 'Difficulty=Medium'})",frozenset({'Load=Medium'}),0.014235805008652496,0.661608497723824,1.379097764907613
"frozenset({'Difficulty=High', 'Achievement=High'})",frozenset({'Teaching=High'}),0.03865869984001045,0.7077106993424985,1.3785572466299498
"frozenset({'Attend=Medium', 'Teaching=High', 'Achievement=Medium', 'Load=Medium'})",frozenset({'Difficulty=Medium'}),0.027687987723250727,0.6827697262479872,1.3785475908627531
"frozenset({'Attend=Low', 'Achievement=High', 'Difficulty=Medium'})",frozenset({'Load=Medium'}),0.028047147941358933,0.6607692307692308,1.3773483448423895
"frozenset({'Load=Medium', 'Achievement=High'})",frozenset({'Teaching=High'}),0.08247624644921148,0.7069689336691855,1.377112353334996
"frozenset({'Attend=High', 'Load=Medium', 'Achievement=Medium'})",frozenset({'Teaching=High'}),0.08231299180461685,0.7057670772676372,1.3747712443856723
"frozenset({'Attend=High', 'Achievement=Low', 'Difficulty=Medium'})",frozenset({'Load=Medium'}),0.016554020961896367,0.6575875486381324,1.3707162493799823
"frozenset({'Teaching=Medium', 'Load=Medium', 'Achievement=Medium'})",frozenset({'Difficulty=Medium'}),0.0693179220948836,0.6767612368504942,1.3664161382437923
"frozenset({'Difficulty=Medium', 'Teaching=High', 'Achievement=High', 'Load=High'})",frozenset({'Attend=High'}),0.018806935057302382,0.5647058823529412,1.3649472858356506
"frozenset({'Teaching=Medium', 'Attend=Low', 'Load=Medium', 'Difficulty=Low'})",frozenset({'Achievement=Medium'}),0.008717798021353708,0.75,1.3643531717747683
"frozenset({'Teaching=Medium', 'Load=Medium', 'Difficulty=Low'})",frozenset({'Achievement=Medium'}),0.029777647174062102,0.75,1.3643531717747683
"frozenset({'Attend=High', 'Achievement=Low', 'Teaching=High', 'Difficulty=Medium'})",frozenset({'Load=Medium'}),0.009664674960002612,0.6534216335540839,1.3620325577391226
"frozenset({'Achievement=Medium', 'Teaching=High', 'Load=Medium'})",frozenset({'Difficulty=Medium'}),0.09119404447056519,0.6738238841978287,1.3604854704546705
"frozenset({'Teaching=Medium', 'Achievement=Low', 'Difficulty=Medium'})",frozenset({'Load=Medium'}),0.010546250040813662,0.6498993963782697,1.3546905882309443
"frozenset({'Teaching=Medium', 'Difficulty=Medium', 'Load=High'})",frozenset({'Achievement=Medium'}),0.023835178110817253,0.739614994934144,1.3454614189741048
"frozenset({'Attend=Medium', 'Achievement=High', 'Difficulty=Medium'})",frozenset({'Load=Medium'}),0.023671923466222614,0.6444444444444445,1.3433199482746887
"frozenset({'Attend=High', 'Teaching=Medium'})",frozenset({'Achievement=Medium'}),0.05873902112515101,0.7375973759737597,1.3417910925367271
"frozenset({'Attend=High', 'Teaching=High', 'Achievement=Medium', 'Load=Medium'})",frozenset({'Difficulty=Medium'}),0.05465765501028504,0.664022213407378,1.3406953873048826
"frozenset({'Load=Medium', 'Difficulty=Medium', 'Achievement=High'})",frozenset({'Teaching=High'}),0.06122049172298952,0.6880733944954128,1.3403055303193416
"frozenset({'Teaching=Medium', 'Load=Medium', 'Difficulty=Medium'})",frozenset({'Achievement=Medium'}),0.0693179220948836,0.7366412213740459,1.3400517157889582
"frozenset({'Teaching=Medium', 'Load=Medium'})",frozenset({'Achievement=Medium'}),0.10242596401867633,0.7363849765258216,1.3395855711603906
"frozenset({'Achievement=High', 'Difficulty=Medium'})",frozenset({'Load=Medium'}),0.0889737813040781,0.6389214536928488,1.3318074839890341
"frozenset({'Achievement=Low', 'Teaching=High', 'Difficulty=Medium'})",frozenset({'Load=Medium'}),0.01433375779540928,0.6380813953488372,1.33005641430265
"frozenset({'Load=Low', 'Achievement=High', 'Difficulty=Low'})",frozenset({'Attend=High'}),0.020733339863519117,0.550259965337955,1.330030144298441
"frozenset({'Achievement=High', 'Difficulty=Low'})",frozenset({'Attend=High'}),0.032422372416495246,0.5480132450331126,1.3245996097884254
"frozenset({'Attend=Medium', 'Difficulty=Medium', 'Teaching=High', 'Achievement=High'})",frozenset({'Load=Medium'}),0.017435596042707415,0.6342042755344418,1.321974705423899
"frozenset({'Teaching=Medium', 'Difficulty=Medium'})",frozenset({'Achievement=Medium'}),0.10020570085218924,0.7263905325443787,1.3214043026987814
"frozenset({'Attend=High', 'Difficulty=High', 'Teaching=Medium'})",frozenset({'Achievement=Medium'}),0.005713912560812355,0.7261410788381742,1.3209505120917535
"frozenset({'Teaching=Medium', 'Attend=Low', 'Load=Medium'})",frozenset({'Achievement=Medium'}),0.035067097658928396,0.7232323232323232,1.3156590855094061
"frozenset({'Teaching=Medium', 'Attend=Low', 'Load=Medium', 'Difficulty=Medium'})",frozenset({'Achievement=Medium'}),0.024847356907304014,0.7213270142180096,1.312193066313553
"frozenset({'Attend=High', 'Load=Medium', 'Achievement=Medium'})",frozenset({'Difficulty=Medium'}),0.07558690044731772,0.6480963045912654,1.3085401490353146
"frozenset({'Load=Medium', 'Difficulty=Low', 'Achievement=High'})",frozenset({'Attend=High'}),0.011460476050543638,0.5408320493066255,1.3072419835935618
"frozenset({'Attend=High', 'Load=Medium', 'Achievement=Medium', 'Difficulty=Low'})",frozenset({'Teaching=High'}),0.02533712084108793,0.6707000864304236,1.3064638775745456
"frozenset({'Teaching=Medium', 'Attend=Medium', 'Load=Medium', 'Difficulty=Medium'})",frozenset({'Achievement=Medium'}),0.025826884774871845,0.7164855072463768,1.3033856991229973
"frozenset({'Teaching=High', 'Achievement=Medium', 'Load=High'})",frozenset({'Difficulty=Medium'}),0.0270676200737911,0.6431342125678821,1.2985214271419687
"frozenset({'Load=Low', 'Achievement=High'})",frozenset({'Attend=High'}),0.02370457439514154,0.5369822485207101,1.297936652627558
"frozenset({'Teaching=Medium', 'Attend=Medium', 'Load=Medium', 'Difficulty=Low'})",frozenset({'Achievement=Medium'}),0.010023835178110818,0.7122969837587007,1.2957661987157119
"frozenset({'Achievement=Low', 'Difficulty=Medium'})",frozenset({'Load=Medium'}),0.04264211316811963,0.6216087577344122,1.2957198273417165
"frozenset({'Attend=High', 'Achievement=Medium', 'Load=High'})",frozenset({'Difficulty=Medium'}),0.025957488490547555,0.6416464891041161,1.295517636086213
"frozenset({'Teaching=Medium', 'Attend=Medium', 'Load=Medium'})",frozenset({'Achievement=Medium'}),0.036960851536226205,0.7119496855345913,1.2951344154708913
"frozenset({'Attend=Medium', 'Achievement=Low', 'Difficulty=Medium'})",frozenset({'Load=Medium'}),0.012472654847030399,0.6211382113821139,1.2947389913564282
"frozenset({'Teaching=High', 'Achievement=High', 'Load=High'})",frozenset({'Attend=High'}),0.036634342247036926,0.5353053435114503,1.2938834153362158
"frozenset({'Teaching=High', 'Difficulty=Medium', 'Achievement=High'})",frozenset({'Load=Medium'}),0.06122049172298952,0.6204500330906685,1.2933045098664604
"frozenset({'Teaching=Medium', 'Difficulty=Medium', 'Attend=Medium', 'Load=High'})",frozenset({'Achievement=Medium'}),0.008260685016488719,0.7106741573033707,1.2928140541536193
"frozenset({'Attend=High', 'Achievement=High', 'Difficulty=Medium'})",frozenset({'Load=Medium'}),0.037254709896496555,0.6201086956521739,1.2925930049505974
"frozenset({'Attend=High', 'Difficulty=Medium', 'Teaching=High', 'Achievement=High'})",frozenset({'Load=Medium'}),0.03493649394325268,0.6192129629629629,1.2907258842078992
"frozenset({'Teaching=Medium', 'Load=High'})",frozenset({'Achievement=Medium'}),0.04058510464622719,0.7070534698521047,1.2862275256094329
"frozenset({'Teaching=Low', 'Achievement=High'})",frozenset({'Difficulty=Medium'}),0.0190681424886538,0.6368593238822245,1.2858521005037176
"frozenset({'Teaching=Medium', 'Attend=Low', 'Difficulty=Medium'})",frozenset({'Achievement=Medium'}),0.035328305090279816,0.7053455019556714,1.2831204970537151
"frozenset({'Teaching=Low', 'Attend=Low', 'Achievement=High'})",frozenset({'Difficulty=Medium'}),0.018774284128383452,0.6353591160220995,1.2828231028023496
"frozenset({'Teaching=Medium', 'Difficulty=Medium', 'Attend=Low', 'Load=High'})",frozenset({'Achievement=Medium'}),0.0078035720116237306,0.7050147492625368,1.2825188124057803
"frozenset({'Teaching=Medium', 'Attend=Medium', 'Difficulty=Medium'})",frozenset({'Achievement=Medium'}),0.03679759689163157,0.7043750000000001,1.2813550204918034
"frozenset({'Achievement=Low', 'Load=High'})",frozenset({'Difficulty=Medium'}),0.011884938126489698,0.6341463414634146,1.2803744478871382
"frozenset({'Attend=High', 'Difficulty=Medium', 'Achievement=Medium', 'Load=High'})",frozenset({'Teaching=High'}),0.017011133966761353,0.6553459119496855,1.276555316751448
"frozenset({'Teaching=Low', 'Achievement=Low', 'Load=High'})",frozenset({'Difficulty=Medium'}),0.005942469063244849,0.629757785467128,1.2715137250643898
"frozenset({'Difficulty=High', 'Teaching=High', 'Achievement=Medium'})",frozenset({'Attend=High'}),0.009599373102164757,0.5259391771019678,1.2712445092811908
"frozenset({'Attend=High', 'Teaching=Medium', 'Difficulty=Low'})",frozenset({'Achievement=Medium'}),0.024945309694060797,0.6901535682023487,1.2554842797180645
"frozenset({'Achievement=Low', 'Load=Medium', 'Teaching=High'})",frozenset({'Difficulty=Medium'}),0.01433375779540928,0.620933521923621,1.253697077985018
"frozenset({'Attend=High', 'Achievement=Low', 'Teaching=High', 'Load=Medium'})",frozenset({'Difficulty=Medium'}),0.009664674960002612,0.6192468619246861,1.250291623717276
"frozenset({'Attend=Low', 'Load=Low', 'Teaching=High', 'Difficulty=Low'})",frozenset({'Achievement=Medium'}),0.0058771672054069935,0.6870229007633587,1.2497891649845205
"frozenset({'Difficulty=Medium', 'Attend=Low', 'Teaching=High', 'Achievement=High'})",frozenset({'Load=Medium'}),0.008848401737029419,0.5995575221238938,1.2497548649076768
"frozenset({'Load=Low', 'Attend=Low', 'Teaching=High'})",frozenset({'Achievement=Medium'}),0.0064322329970287655,0.6840277777777777,1.2443406242575432
"frozenset({'Teaching=Medium', 'Attend=Low', 'Load=High'})",frozenset({'Achievement=Medium'}),0.013778692003787507,0.6828478964401294,1.2421942577970921
"frozenset({'Attend=Low', 'Teaching=High', 'Difficulty=Low'})",frozenset({'Achievement=Medium'}),0.009174911026218696,0.6820388349514563,1.240722463652783
"frozenset({'Attend=High', 'Teaching=Medium', 'Load=Medium', 'Achievement=Medium'})",frozenset({'Difficulty=Medium'}),0.018643680412707742,0.6133190118152525,1.2383229860152771
"frozenset({'Teaching=Low', 'Achievement=Low', 'Difficulty=Medium'})",frozenset({'Load=Medium'}),0.01776210533189669,0.593886462882096,1.2379337574824716
"frozenset({'Difficulty=High', 'Teaching=High', 'Achievement=Medium', 'Load=High'})",frozenset({'Attend=High'}),0.007215855291083031,0.5103926096997691,1.2336669921296526
"frozenset({'Difficulty=High', 'Teaching=High', 'Achievement=High'})",frozenset({'Attend=High'}),0.019721161067032356,0.5101351351351351,1.2330446518651867
frozenset({'Teaching=Medium'}),frozenset({'Achievement=Medium'}),0.1910079341757273,0.67716170853108,1.231850299785067
"frozenset({'Teaching=Medium', 'Attend=Medium', 'Achievement=Medium', 'Load=High'})",frozenset({'Difficulty=Medium'}),0.008260685016488719,0.6081730769230769,1.2279330758074412
"frozenset({'Difficulty=High', 'Teaching=High', 'Achievement=High', 'Load=High'})",frozenset({'Attend=High'}),0.01763150161622098,0.5051449953227315,1.2209830141069606
"frozenset({'Attend=Medium', 'Teaching=High', 'Achievement=Medium', 'Load=High'})",frozenset({'Difficulty=Medium'}),0.007640317367029092,0.6030927835051546,1.2176756991503968
"frozenset({'Teaching=Medium', 'Attend=Low', 'Achievement=High'})",frozenset({'Difficulty=Medium'}),0.008913703594867274,0.6026490066225165,1.2167796905417505
"frozenset({'Achievement=Low', 'Attend=Low', 'Difficulty=Medium'})",frozenset({'Load=Medium'}),0.01361543735919287,0.5832167832167832,1.2156932157884992
"frozenset({'Attend=Medium', 'Achievement=Medium', 'Load=High'})",frozenset({'Difficulty=Medium'}),0.017272341398112775,0.6004540295119183,1.2123479175859662
"frozenset({'Teaching=Low', 'Achievement=Low', 'Attend=Low', 'Load=Medium'})",frozenset({'Difficulty=Medium'}),0.009893231462435106,0.6,1.211431208385523
"frozenset({'Achievement=Low', 'Attend=Low', 'Load=Medium'})",frozenset({'Difficulty=Medium'}),0.01361543735919287,0.6,1.211431208385523
"frozenset({'Teaching=Medium', 'Attend=Medium', 'Load=High'})",frozenset({'Achievement=Medium'}),0.013582786430273941,0.6656000000000001,1.210817961511048
"frozenset({'Teaching=Low', 'Attend=Low', 'Achievement=Medium'})",frozenset({'Difficulty=Medium'}),0.047245894145688444,0.5989238410596026,1.2092583875095555
"frozenset({'Teaching=Medium', 'Load=High', 'Difficulty=High'})",frozenset({'Achievement=Medium'}),0.01593365331243674,0.6639455782312925,1.2078083407275955
"frozenset({'Teaching=Medium', 'Attend=Medium', 'Achievement=High'})",frozenset({'Difficulty=Medium'}),0.00910960916838084,0.5974304068522484,1.2062430661654564
"frozenset({'Achievement=Medium', 'Load=High'})",frozenset({'Difficulty=Medium'}),0.06092663336271917,0.5959757266049185,1.2033059910823942
"frozenset({'Teaching=Medium', 'Achievement=High'})",frozenset({'Difficulty=Medium'}),0.021516962157573382,0.5942290351668169,1.1997793302165007
"frozenset({'Teaching=Medium', 'Difficulty=High'})",frozenset({'Achievement=Medium'}),0.019459953635680934,0.6578366445916114,1.196695350077648
"frozenset({'Teaching=Medium', 'Attend=Low'})",frozenset({'Achievement=Medium'}),0.06504065040650407,0.6565589980224128,1.1943711352121904
"frozenset({'Attend=High', 'Achievement=Medium', 'Load=High'})",frozenset({'Teaching=High'}),0.024782055049466158,0.6125907990314771,1.1932721746446002
"frozenset({'Teaching=Medium', 'Attend=Low', 'Load=High', 'Difficulty=High'})",frozenset({'Achievement=Medium'}),0.00577921441865021,0.6555555555555556,1.1925457353290567
"frozenset({'Teaching=Low', 'Achievement=Medium'})",frozenset({'Difficulty=Medium'}),0.05469030593920397,0.5885453267744203,1.1883036273399807
"frozenset({'Attend=High', 'Teaching=Medium', 'Achievement=Medium', 'Load=High'})",frozenset({'Difficulty=Medium'}),0.007770921082704803,0.5876543209876544,1.186504640311747
"frozenset({'Teaching=Medium', 'Achievement=Medium', 'Load=High'})",frozenset({'Difficulty=Medium'}),0.023835178110817253,0.587288817377313,1.1857666695111717
"frozenset({'Attend=Low', 'Achievement=High'})",frozenset({'Difficulty=Medium'}),0.042446207594606065,0.5869074492099322,1.1849966673447554
"frozenset({'Attend=High', 'Load=Low', 'Teaching=High', 'Difficulty=Medium'})",frozenset({'Achievement=Medium'}),0.009925882391354035,0.6509635974304069,1.1841923318187855
"frozenset({'Teaching=Medium', 'Attend=Medium'})",frozenset({'Achievement=Medium'}),0.06722826264407222,0.6503474415666456,1.183071459542745
"frozenset({'Teaching=Low', 'Achievement=Low', 'Attend=Low', 'Difficulty=Medium'})",frozenset({'Load=Medium'}),0.009893231462435106,0.5674157303370787,1.1827565216792832
"frozenset({'Teaching=Low', 'Attend=Low', 'Achievement=Medium'})",frozenset({'Load=Medium'}),0.044633819832174224,0.5658112582781457,1.1794120606605027
"frozenset({'Teaching=Medium', 'Attend=Low', 'Difficulty=High'})",frozenset({'Achievement=Medium'}),0.0073464590067587425,0.646551724137931,1.1761665273920416
"frozenset({'Achievement=Low', 'Load=Medium'})",frozenset({'Difficulty=Medium'}),0.04264211316811963,0.582255907267053,1.1756049622168918
"frozenset({'Attend=Medium', 'Achievement=Low', 'Load=Medium'})",frozenset({'Difficulty=Medium'}),0.012472654847030399,0.5805471124620061,1.1721548166242903
"frozenset({'Teaching=Low', 'Achievement=Medium'})",frozenset({'Load=Medium'}),0.05207823162568975,0.5604356992269852,1.1682069121503353
"frozenset({'Attend=High', 'Load=Low', 'Difficulty=Medium'})",frozenset({'Achievement=Medium'}),0.011689032552976132,0.6392857142857142,1.16294865594135
"frozenset({'Attend=Medium', 'Load=Low', 'Achievement=Medium', 'Difficulty=Low'})",frozenset({'Teaching=High'}),0.0214190093708166,0.5969062784349408,1.1627201290864932
"frozenset({'Teaching=Low', 'Achievement=High'})",frozenset({'Load=Medium'}),0.01661932281973422,0.5550708833151581,1.1570241573057474
"frozenset({'Teaching=Low', 'Achievement=Low', 'Load=Medium'})",frozenset({'Difficulty=Medium'}),0.01776210533189669,0.5720294426919033,1.1549571983205829
"frozenset({'Teaching=Low', 'Attend=Low', 'Achievement=High'})",frozenset({'Load=Medium'}),0.0163581153883828,0.5535911602209945,1.1539397307621588
"frozenset({'Attend=Medium', 'Load=Low', 'Achievement=Medium'})",frozenset({'Teaching=High'}),0.025304469912169,0.5911517925247901,1.1515109043857246
"frozenset({'Attend=High', 'Achievement=Low', 'Load=Medium'})",frozenset({'Difficulty=Medium'}),0.016554020961896367,0.5696629213483146,1.1501790686356934
"frozenset({'Attend=Low', 'Achievement=Medium'})",frozenset({'Load=Medium'}),0.09217357233813302,0.5503996880483525,1.147287228330286
"frozenset({'Teaching=Medium', 'Attend=Medium', 'Achievement=Medium'})",frozenset({'Load=Medium'}),0.036960851536226205,0.5497814473045167,1.1459985289998933
"frozenset({'Attend=High', 'Achievement=Low', 'Difficulty=Medium'})",frozenset({'Teaching=High'}),0.014790870800274268,0.5875486381322957,1.144492281376189
"frozenset({'Teaching=Medium', 'Attend=Low', 'Achievement=Medium', 'Load=High'})",frozenset({'Difficulty=Medium'}),0.0078035720116237306,0.566350710900474,1.1434915434602686
"frozenset({'Attend=Low', 'Load=Medium', 'Difficulty=Low'})",frozenset({'Achievement=Medium'}),0.01939465177784308,0.627906976744186,1.1422491670672479
"frozenset({'Attend=High', 'Teaching=Medium', 'Load=Low'})",frozenset({'Achievement=Medium'}),0.015117380089463546,0.6265223274695535,1.1397302995610605
"frozenset({'Attend=High', 'Achievement=Low', 'Load=Low'})",frozenset({'Teaching=High'}),0.01952525549351879,0.58455522971652,1.1386613890814639
"frozenset({'Attend=Low', 'Achievement=Medium'})",frozenset({'Difficulty=Medium'}),0.0943938355046201,0.5636576330668746,1.1380540792365461
"frozenset({'Attend=High', 'Achievement=Low', 'Load=Medium', 'Difficulty=Medium'})",frozenset({'Teaching=High'}),0.009664674960002612,0.5838264299802761,1.1372417522741154
"frozenset({'Teaching=Medium', 'Difficulty=Low'})",frozenset({'Achievement=Medium'}),0.07134227968785711,0.6228620296465222,1.1330717143017364
"frozenset({'Attend=High', 'Teaching=Medium', 'Load=Low', 'Difficulty=Low'})",frozenset({'Achievement=Medium'}),0.01345218271459823,0.621417797888386,1.1304444580617485
"frozenset({'Load=Medium', 'Difficulty=Low'})",frozenset({'Achievement=Medium'}),0.07979887027785941,0.621250635485511,1.130140366655663
"frozenset({'Attend=Low', 'Load=Medium', 'Difficulty=Medium'})",frozenset({'Achievement=Medium'}),0.06804453586704541,0.6202380952380951,1.1282984166581813
"frozenset({'Load=Low', 'Teaching=High', 'Difficulty=Medium'})",frozenset({'Achievement=Medium'}),0.014268455937571424,0.6198581560283688,1.1276072549703522
"frozenset({'Attend=Medium', 'Load=Medium', 'Difficulty=Low'})",frozenset({'Achievement=Medium'}),0.022627093740816926,0.6193029490616623,1.126597257122329
"frozenset({'Attend=High', 'Load=Medium', 'Difficulty=Low'})",frozenset({'Achievement=Medium'}),0.0377771247591994,0.6190476190476191,1.1261327767029834
"frozenset({'Teaching=Medium', 'Attend=Medium', 'Difficulty=High'})",frozenset({'Achievement=Medium'}),0.006399582068109838,0.6182965299684543,1.1247664423463917
"frozenset({'Teaching=Medium', 'Attend=Low', 'Achievement=Medium'})",frozenset({'Load=Medium'}),0.035067097658928396,0.539156626506024,1.123851493908664
"frozenset({'Attend=Low', 'Load=Medium'})",frozenset({'Achievement=Medium'}),0.09217357233813302,0.6162409954158481,1.1210271422310036
"frozenset({'Attend=Medium', 'Teaching=High', 'Load=Medium', 'Difficulty=Low'})",frozenset({'Achievement=Medium'}),0.011591079766219349,0.6152512998266898,1.1192267498094577
"frozenset({'Teaching=Medium', 'Attend=Medium', 'Load=High', 'Difficulty=High'})",frozenset({'Achievement=Medium'}),0.0051588467691905835,0.6147859922178989,1.1183802912602512
"frozenset({'Teaching=Medium', 'Achievement=Medium'})",frozenset({'Load=Medium'}),0.10242596401867633,0.5362393162393162,1.1177704715484609
"frozenset({'Teaching=Medium', 'Achievement=Low', 'Load=Medium'})",frozenset({'Difficulty=Medium'}),0.010546250040813662,0.5521367521367522,1.1147928213918061
"frozenset({'Attend=High', 'Difficulty=High', 'Achievement=Medium'})",frozenset({'Teaching=High'}),0.009599373102164757,0.5719844357976654,1.1141746050483432
"frozenset({'Teaching=High', 'Load=Medium', 'Difficulty=Low'})",frozenset({'Achievement=Medium'}),0.040193293499200054,0.611525086934923,1.112448255972671
"frozenset({'Attend=Medium', 'Achievement=High'})",frozenset({'Difficulty=Medium'}),0.03673229503379371,0.5503913894324853,1.111268843308638
frozenset({'Achievement=High'}),frozenset({'Difficulty=Medium'}),0.13925621183922682,0.5503225806451613,1.111129914788012
"frozenset({'Attend=High', 'Achievement=Low', 'Load=Low', 'Difficulty=Low'})",frozenset({'Teaching=High'}),0.016880530251085643,0.5687568756875687,1.1078876061618754
"frozenset({'Attend=Medium', 'Achievement=Medium'})",frozenset({'Load=Medium'}),0.08103960557677865,0.531022678647839,1.1068965887801923
"frozenset({'Load=Low', 'Achievement=Medium', 'Difficulty=Low'})",frozenset({'Teaching=High'}),0.07392170307245241,0.5681304893350063,1.1066674614808394
"frozenset({'Teaching=Medium', 'Attend=Medium', 'Achievement=Medium'})",frozenset({'Difficulty=Medium'}),0.03679759689163157,0.5473530840213696,1.105134346649251
"frozenset({'Attend=Medium', 'Load=Medium'})",frozenset({'Achievement=Medium'}),0.08103960557677865,0.6071428571428571,1.1044763771510029
"frozenset({'Attend=Low', 'Teaching=High', 'Achievement=Medium'})",frozenset({'Load=Medium'}),0.012472654847030399,0.5298196948682385,1.10438901481859
"frozenset({'Attend=Medium', 'Load=Medium', 'Difficulty=Medium'})",frozenset({'Achievement=Medium'}),0.05583308845136644,0.6070287539936102,1.1042688078262235
"frozenset({'Teaching=Medium', 'Load=Low', 'Difficulty=Medium'})",frozenset({'Achievement=Medium'}),0.007052600646488392,0.6067415730337078,1.1037463861548686
"frozenset({'Attend=Medium', 'Achievement=Medium', 'Difficulty=Low'})",frozenset({'Teaching=High'}),0.0333039474973063,0.5644714997232984,1.0995400764501342
frozenset({'Load=Medium'}),frozenset({'Achievement=Medium'}),0.28984229601332157,0.6041652487579119,1.099059697891932
frozenset({'Achievement=Medium'}),frozenset({'Load=Medium'}),0.28984229601332157,0.5272630078403421,1.099059697891932
"frozenset({'Attend=High', 'Teaching=High', 'Load=Medium', 'Difficulty=Low'})",frozenset({'Achievement=Medium'}),0.02533712084108793,0.602952602952603,1.0968537283576485
"frozenset({'Teaching=Medium', 'Attend=Low', 'Achievement=Medium'})",frozenset({'Difficulty=Medium'}),0.035328305090279816,0.5431726907630521,1.0966939152218338
"frozenset({'Load=Medium', 'Difficulty=Medium'})",frozenset({'Achievement=Medium'}),0.1994645247657296,0.602465483234714,1.0959675905814674
"frozenset({'Load=Low', 'Achievement=Medium'})",frozenset({'Teaching=High'}),0.08835341365461848,0.5604805302402651,1.0917660242745404
"frozenset({'Teaching=Low', 'Attend=Low', 'Load=Medium', 'Difficulty=Medium'})",frozenset({'Achievement=Medium'}),0.034348777222711985,0.5970488081725313,1.0861139135127176
"frozenset({'Attend=High', 'Achievement=Low'})",frozenset({'Teaching=High'}),0.03901786005811865,0.5565905915230553,1.084188771009134
"frozenset({'Attend=Low', 'Achievement=Medium', 'Load=High'})",frozenset({'Difficulty=Medium'}),0.017696803474058838,0.5361028684470821,1.082419576236323
"frozenset({'Teaching=Medium', 'Attend=Low', 'Difficulty=Low'})",frozenset({'Achievement=Medium'}),0.022365886309465503,0.5946180555555555,1.0816920401223566
"frozenset({'Attend=Medium', 'Teaching=High', 'Achievement=High'})",frozenset({'Difficulty=Medium'}),0.02749208214973716,0.5352828989192626,1.0807640151097802
"frozenset({'Attend=High', 'Teaching=Medium', 'Achievement=Medium'})",frozenset({'Load=Medium'}),0.030398014823521727,0.5175097276264591,1.0787293560209326
"frozenset({'Attend=High', 'Load=Medium'})",frozenset({'Achievement=Medium'}),0.1166291180984099,0.5929614873837981,1.0786785147364921
"frozenset({'Attend=Medium', 'Teaching=High', 'Achievement=Medium'})",frozenset({'Load=Medium'}),0.04055245371730826,0.5164241164241163,1.0764664407351399
"frozenset({'Attend=Low', 'Difficulty=Medium'})",frozenset({'Achievement=Medium'}),0.0943938355046201,0.5892784345699144,1.0719785350185773
"frozenset({'Teaching=Medium', 'Attend=Medium', 'Difficulty=Low'})",frozenset({'Achievement=Medium'}),0.02403108368433082,0.5892714171337069,1.0719657693367808
"frozenset({'Teaching=High', 'Achievement=High'})",frozenset({'Difficulty=Medium'}),0.09867110719299964,0.5279524807826694,1.0659635196078066
"frozenset({'Attend=Low', 'Teaching=High', 'Achievement=High'})",frozenset({'Difficulty=Medium'}),0.01475821987135534,0.5274212368728122,1.0648909105216968
"frozenset({'Attend=High', 'Achievement=High'})",frozenset({'Difficulty=Medium'}),0.06007770921082705,0.5270696075623031,1.0641809526541406
"frozenset({'Attend=High', 'Load=Medium', 'Difficulty=Medium'})",frozenset({'Achievement=Medium'}),0.07558690044731772,0.5841534191269241,1.062655426918526
"frozenset({'Attend=Medium', 'Difficulty=Medium'})",frozenset({'Achievement=Medium'}),0.07979887027785941,0.5841300191204589,1.0626128590878057
"frozenset({'Teaching=High', 'Achievement=Medium'})",frozenset({'Load=Medium'}),0.1353381003689555,0.5092137592137592,1.0614367252051864
"frozenset({'Teaching=Medium', 'Achievement=Medium'})",frozenset({'Difficulty=Medium'}),0.10020570085218924,0.5246153846153846,1.0592257488704189
"frozenset({'Attend=High', 'Teaching=High', 'Achievement=High'})",frozenset({'Difficulty=Medium'}),0.05642080517190714,0.5245901639344261,1.0591748270037358
"frozenset({'Attend=High', 'Achievement=Medium'})",frozenset({'Load=Medium'}),0.1166291180984099,0.5078913692592066,1.05868025361068
"frozenset({'Attend=High', 'Achievement=Low', 'Difficulty=Low'})",frozenset({'Teaching=High'}),0.022790348385411566,0.5431906614785993,1.058086903841828
"frozenset({'Achievement=Medium', 'Difficulty=Low'})",frozenset({'Teaching=High'}),0.1149965716524635,0.5429320178819177,1.0575830892113143
"frozenset({'Attend=Medium', 'Achievement=Medium'})",frozenset({'Difficulty=Medium'}),0.07979887027785941,0.5228925973470261,1.0557473517665876
frozenset({'Achievement=Medium'}),frozenset({'Difficulty=Medium'}),0.28742612727332095,0.5228676645283916,1.0556970111089097
frozenset({'Difficulty=Medium'}),frozenset({'Achievement=Medium'}),0.28742612727332095,0.580328301140484,1.0556970111089095
"frozenset({'Attend=High', 'Teaching=High', 'Achievement=Medium'})",frozenset({'Load=Medium'}),0.08231299180461685,0.5027921818907061,1.0480511913677706
"frozenset({'Teaching=Low', 'Attend=Low', 'Load=Medium'})",frozenset({'Achievement=Medium'}),0.044633819832174224,0.5760640539401601,1.0479397588515849
"frozenset({'Attend=High', 'Difficulty=High', 'Achievement=Medium', 'Load=High'})",frozenset({'Teaching=High'}),0.007215855291083031,0.537712895377129,1.0474167046184144
"frozenset({'Attend=Medium', 'Teaching=High', 'Achievement=High', 'Load=High'})",frozenset({'Difficulty=Medium'}),0.008848401737029419,0.5181644359464628,1.0462009479683774
"frozenset({'Attend=High', 'Achievement=Low', 'Load=Medium'})",frozenset({'Teaching=High'}),0.015607144023247461,0.5370786516853933,1.0461812545422973
"frozenset({'Teaching=High', 'Difficulty=Low'})",frozenset({'Achievement=Medium'}),0.1149965716524635,0.573896040410624,1.0439958440042874
"frozenset({'Attend=High', 'Difficulty=Low'})",frozenset({'Achievement=Medium'}),0.09961798413164855,0.5725276787389755,1.041506605888489
"frozenset({'Attend=High', 'Load=Low', 'Teaching=High'})",frozenset({'Achievement=Medium'}),0.056616710745420705,0.5722772277227722,1.0410510010373808
"frozenset({'Attend=High', 'Teaching=High', 'Difficulty=Low'})",frozenset({'Achievement=Medium'}),0.07251771312893852,0.5722751868075239,1.041047288331791
"frozenset({'Attend=High', 'Difficulty=Medium'})",frozenset({'Achievement=Medium'}),0.11323342149084141,0.5704885671985523,1.0377971814914506
"frozenset({'Attend=High', 'Teaching=High', 'Achievement=High', 'Load=High'})",frozenset({'Difficulty=Medium'}),0.018806935057302382,0.5133689839572193,1.0365186809715707
"frozenset({'Load=Low', 'Difficulty=Medium'})",frozenset({'Achievement=Medium'}),0.027034969144872172,0.5694635488308115,1.0359325320765778
"frozenset({'Attend=Medium', 'Teaching=High', 'Load=Medium'})",frozenset({'Achievement=Medium'}),0.04055245371730826,0.5692025664527957,1.0354577692296134
"frozenset({'Teaching=Low', 'Achievement=Medium', 'Load=High'})",frozenset({'Difficulty=Medium'}),0.010023835178110818,0.5125208681135226,1.03480629096927
"frozenset({'Teaching=Low', 'Attend=Low', 'Achievement=Medium', 'Load=High'})",frozenset({'Difficulty=Medium'}),0.007477062722434453,0.5123042505592841,1.034368928860122
"frozenset({'Teaching=Low', 'Attend=Low', 'Difficulty=Medium'})",frozenset({'Achievement=Medium'}),0.047245894145688444,0.5661189358372457,1.0298482209484037
"frozenset({'Load=Low', 'Teaching=High'})",frozenset({'Achievement=Medium'}),0.08835341365461848,0.5653990806519015,1.0285387053412798
"frozenset({'Load=Low', 'Achievement=Medium', 'Difficulty=Medium'})",frozenset({'Teaching=High'}),0.014268455937571424,0.5277777777777778,1.0280639827005025
"frozenset({'Attend=High', 'Teaching=High', 'Load=Medium'})",frozenset({'Achievement=Medium'}),0.08231299180461685,0.5636038452939862,1.0252729252684079
"frozenset({'Attend=High', 'Achievement=High', 'Load=High'})",frozenset({'Difficulty=Medium'}),0.019917066640545922,0.5070656691604322,1.0237919605363937
"frozenset({'Teaching=High', 'Load=Medium'})",frozenset({'Achievement=Medium'}),0.1353381003689555,0.5618053673082136,1.0220012464094
"frozenset({'Teaching=Medium', 'Load=Low'})",frozenset({'Achievement=Medium'}),0.047996865510823786,0.5608546356352537,1.0202717347113872
"frozenset({'Attend=Medium', 'Achievement=High', 'Load=High'})",frozenset({'Difficulty=Medium'}),0.011264570477030071,0.5043859649122807,1.0183814982773038
"frozenset({'Attend=High', 'Load=Low'})",frozenset({'Achievement=Medium'}),0.07255036405785745,0.5595567867036011,1.0179107689695408
"frozenset({'Attend=High', 'Load=Low', 'Teaching=High', 'Difficulty=Low'})",frozenset({'Achievement=Medium'}),0.046625526496228815,0.5580304806565064,1.015134208307604
"frozenset({'Attend=Low', 'Teaching=High', 'Achievement=Medium'})",frozenset({'Difficulty=Medium'}),0.011819636268651844,0.5020804438280166,1.0137265312888566
"frozenset({'Attend=Medium', 'Teaching=High', 'Load=Medium', 'Difficulty=Medium'})",frozenset({'Achievement=Medium'}),0.027687987723250727,0.5564304461942258,1.0122235255161887
"frozenset({'Load=Low', 'Teaching=High', 'Difficulty=Low'})",frozenset({'Achievement=Medium'}),0.07392170307245241,0.5558556346673214,1.0111778642763156
frozenset({'Attend=High'}),frozenset({'Achievement=Medium'}),0.22963398308681882,0.5550469576197616,1.0097067694832762
"frozenset({'Teaching=Low', 'Load=Medium', 'Difficulty=Medium'})",frozenset({'Achievement=Medium'}),0.0389525582002808,0.5546257554625755,1.0089405448177893
"frozenset({'Teaching=Medium', 'Load=Low', 'Difficulty=Low'})",frozenset({'Achievement=Medium'}),0.04074835929082182,0.5531914893617021,1.0063314174792617
"frozenset({'Attend=Medium', 'Teaching=High', 'Difficulty=Low'})",frozenset({'Achievement=Medium'}),0.0333039474973063,0.5531453362255966,1.006247458575751
"frozenset({'Attend=Medium', 'Achievement=Medium'})",frozenset({'Teaching=High'}),0.07852548405002123,0.514548566538297,1.0022946605207925
frozenset({'Attend=Medium'}),frozenset({'Achievement=Medium'}),0.15261044176706828,0.550854449027696,1.0020800196229058
"frozenset({'Attend=High', 'Teaching=High', 'Load=Medium', 'Difficulty=Medium'})",frozenset({'Achievement=Medium'}),0.05465765501028504,0.5506578947368421,1.0017224603293695
"frozenset({'Attend=Medium', 'Load=Medium', 'Achievement=Medium', 'Difficulty=Low'})",frozenset({'Teaching=High'}),0.011591079766219349,0.5122655122655123,0.997847474664876
"frozenset({'Teaching=High', 'Load=Medium', 'Difficulty=Medium'})",frozenset({'Achievement=Medium'}),0.09119404447056519,0.5468964166829842,0.9948798143115797
"frozenset({'Attend=High', 'Load=Low', 'Difficulty=Low'})",frozenset({'Achievement=Medium'}),0.06076337871812453,0.5465491923641703,0.9942481655106583
"frozenset({'Difficulty=High', 'Attend=Low', 'Achievement=High', 'Load=High'})",frozenset({'Teaching=High'}),0.009076958239461913,0.5082266910420477,0.9899802115718879
frozenset({'Difficulty=Low'}),frozenset({'Achievement=Medium'}),0.21180657589708426,0.5424366585834935,0.9867669008337288
frozenset({'Attend=Low'}),frozenset({'Achievement=Medium'}),0.1674666144251804,0.5415478830112976,0.9851500958058335
"frozenset({'Attend=Medium', 'Load=Low', 'Difficulty=Medium'})",frozenset({'Achievement=Medium'}),0.006693440428380187,0.5408970976253298,0.9839662276651803
"frozenset({'Load=Medium', 'Achievement=Medium', 'Difficulty=Low'})",frozenset({'Teaching=High'}),0.040193293499200054,0.5036824877250409,0.9811285092892468
"frozenset({'Teaching=Medium', 'Load=Low', 'Attend=Medium'})",frozenset({'Achievement=Medium'}),0.016684624677572077,0.53732912723449,0.9774755987057926
"frozenset({'Attend=Medium', 'Load=Medium', 'Achievement=Medium'})",frozenset({'Teaching=High'}),0.04055245371730826,0.500402900886382,0.9747401669813153
"frozenset({'Attend=Medium', 'Difficulty=Medium', 'Load=High'})",frozenset({'Achievement=Medium'}),0.017272341398112775,0.5354251012145749,0.9740119134532421
"frozenset({'Attend=High', 'Teaching=High', 'Difficulty=Medium'})",frozenset({'Achievement=Medium'}),0.08159467136840043,0.533974358974359,0.9713728137507538
"frozenset({'Teaching=Medium', 'Load=Low', 'Attend=Low'})",frozenset({'Achievement=Medium'}),0.01619486074378816,0.5327604726100967,0.9691645874690801
"frozenset({'Attend=Medium', 'Difficulty=Low'})",frozenset({'Achievement=Medium'}),0.05900022855650243,0.5289812646370023,0.9622896882892297
"frozenset({'Attend=Low', 'Teaching=High', 'Load=Medium'})",frozenset({'Achievement=Medium'}),0.012472654847030399,0.5283540802213001,0.961148753560095
"frozenset({'Attend=Medium', 'Load=Low', 'Teaching=High'})",frozenset({'Achievement=Medium'}),0.025304469912169,0.5279291553133515,0.9603757566988605
"frozenset({'Attend=High', 'Teaching=High'})",frozenset({'Achievement=Medium'}),0.1637117575995037,0.5276228559402295,0.9598185560038851
"frozenset({'Teaching=Low', 'Difficulty=Medium'})",frozenset({'Achievement=Medium'}),0.05469030593920397,0.5275590551181102,0.959702493531858
"frozenset({'Attend=Medium', 'Teaching=High', 'Difficulty=Medium'})",frozenset({'Achievement=Medium'}),0.03911581284487543,0.5270567531896172,0.9587887372260873
"frozenset({'Teaching=Medium', 'Load=Low', 'Attend=Medium', 'Difficulty=Low'})",frozenset({'Achievement=Medium'}),0.013843993861625364,0.5260545905707197,0.9569656655624513
"frozenset({'Attend=Low', 'Difficulty=Medium', 'Load=High'})",frozenset({'Achievement=Medium'}),0.017696803474058838,0.5257032007759457,0.9563264391877457
"frozenset({'Attend=Medium', 'Load=Low', 'Teaching=High', 'Difficulty=Low'})",frozenset({'Achievement=Medium'}),0.0214190093708166,0.523961661341853,0.9531583393868455
"frozenset({'Teaching=Medium', 'Load=Low', 'Attend=Low', 'Difficulty=Low'})",frozenset({'Achievement=Medium'}),0.01345218271459823,0.5235069885641677,0.9523312270583727
"frozenset({'Difficulty=High', 'Load=Medium'})",frozenset({'Achievement=Medium'}),0.010578900969732588,0.5234248788368336,0.9521818581691437
"frozenset({'Teaching=High', 'Difficulty=Medium'})",frozenset({'Achievement=Medium'}),0.13253012048192772,0.522461063199897,0.9504285449407963
"frozenset({'Teaching=Low', 'Load=Medium'})",frozenset({'Achievement=Medium'}),0.05207823162568975,0.5220949263502456,0.9497624916446288
"frozenset({'Difficulty=Medium', 'Load=High'})",frozenset({'Achievement=Medium'}),0.06092663336271917,0.521958041958042,0.9495134801050695
"frozenset({'Attend=Medium', 'Teaching=High'})",frozenset({'Achievement=Medium'}),0.07852548405002123,0.5210138648180243,0.9477958920041357
frozenset({'Teaching=High'}),frozenset({'Achievement=Medium'}),0.26577856140007183,0.5177129046619602,0.9417909913923648
"frozenset({'Teaching=Low', 'Attend=Low', 'Load=Medium', 'Difficulty=Low'})",frozenset({'Achievement=Medium'}),0.007411760864596598,0.5147392290249433,0.9363814663427736
"frozenset({'Teaching=Low', 'Difficulty=Medium', 'Attend=Low', 'Load=High'})",frozenset({'Achievement=Medium'}),0.007477062722434453,0.5146067415730337,0.9361404534424627
"frozenset({'Load=Low', 'Attend=Low', 'Difficulty=Medium'})",frozenset({'Achievement=Medium'}),0.008652496163515853,0.5145631067961166,0.9360610757807474
frozenset({'Load=Low'}),frozenset({'Achievement=Medium'}),0.15763868482058316,0.5133985538068908,0.9339425936946807
"frozenset({'Attend=High', 'Difficulty=Medium', 'Load=High'})",frozenset({'Achievement=Medium'}),0.025957488490547555,0.5109254498714653,0.929443677430112
"frozenset({'Teaching=Low', 'Load=High', 'Difficulty=High'})",frozenset({'Achievement=Medium'}),0.009338165670813334,0.5070921985815603,0.9224704660226566
"frozenset({'Attend=Low', 'Difficulty=Low'})",frozenset({'Achievement=Medium'}),0.0531883632089333,0.5068450528935906,0.9220208740182941
"frozenset({'Attend=Medium', 'Load=High'})",frozenset({'Achievement=Medium'}),0.02876546837757534,0.5048710601719197,0.9184299097104648
"frozenset({'Teaching=Low', 'Difficulty=High'})",frozenset({'Achievement=Medium'}),0.012766513207300748,0.5038659793814433,0.9166015294912963
"frozenset({'Load=Low', 'Difficulty=Low'})",frozenset({'Achievement=Medium'}),0.13011395174192705,0.5031565656565656,0.9153110083371131
